agno|fecha_bbdd|codigo_bbdd|grado|cod_reg|nom_reg|cod_pro|nom_pro|cod_com|nom_com|cod_deprov|nom_deprov|prom_lect4b_com|prom_mate4b_com|dif_lect4b_com|dif_mate4b_com|sigdif_lect4b_com|sigdif_mate4b_com
2016|20171024|final20171024v1|4b|11|REGION DE AYSEN DEL GRAL. CARLOS IBANEZ DEL CAMPO|2|AISГ‰N|11201|AISГ‰N|1|COYHAIQUE|261|258|-7|-3|No significativa|No significativa
2016|20171024|final20171024v1|4b|5|REGION DE VALPARAISO|6|SAN ANTONIO|5602|ALGARROBO|2|SAN ANTONIO|253|245|-5|4|No significativa|No significativa
2016|20171024|final20171024v1|4b|13|REGION METROPOLITANA DE SANTIAGO|5|MELIPILLA|13502|ALHUГ‰|7|TALAGANTE|248|230|-12|-14|Negativa y significativa|Negativa y significativa
2016|20171024|final20171024v1|4b|8|REGION DEL BIOBIO|3|BIOBГЌO|8314|ALTO BIOBГЌO|2|BIOBГЌO|227|204|-1|6|No significativa|No significativa
2016|20171024|final20171024v1|4b|3|REGION DE ATACAMA|3|HUASCO|3302|ALTO DEL CARMEN|2|HUASCO|279|254|13|17|Positiva y significativa|Positiva y significativa
2016|20171024|final20171024v1|4b|1|REGION DE TARAPACA|1|IQUIQUE|1107|ALTO HOSPICIO|1|IQUIQUE|255|250|0|2|No significativa|No significativa
2016|20171024|final20171024v1|4b|10|REGION DE LOS LAGOS|2|CHILOГ‰|10202|ANCUD|1|CHILOГ‰|268|259|-2|1|No significativa|No significativa
2016|20171024|final20171024v1|4b|4|REGION DE COQUIMBO|1|ELQUI|4103|ANDACOLLO|2|ELQUI|266|264|3|11|No significativa|Positiva y significativa
2016|20171024|final20171024v1|4b|9|REGION DE LA ARAUCANIA|2|MALLECO|9201|ANGOL|3|MALLECO|266|264|-9|-5|Negativa y significativa|No significativa
2016|20171024|final20171024v1|4b|2|REGION DE ANTOFAGASTA|1|ANTOFAGASTA|2101|ANTOFAGASTA|1|ANTOFAGASTA|268|262|1|3|No significativa|No significativa
2016|20171024|final20171024v1|4b|8|REGION DEL BIOBIO|3|BIOBГЌO|8302|ANTUCO|2|BIOBГЌO|267|258|7|2|No significativa|No significativa
2016|20171024|final20171024v1|4b|12|REGION DE MAGALLANES Y DE LA ANTГЃRTICA CHILENA|2|ANTГЃRTICA CHILENA|12202|ANTГЃRTICA|1|MAGALLANES||||||
2016|20171024|final20171024v1|4b|8|REGION DEL BIOBIO|2|ARAUCO|8202|ARAUCO|1|ARAUCO|270|261|0|2|No significativa|No significativa
2016|20171024|final20171024v1|4b|15|REGION DE ARICA Y PARINACOTA|1|ARICA|15101|ARICA|1|ARICA|274|271|4|5|No significativa|No significativa
2016|20171024|final20171024v1|4b|13|REGION METROPOLITANA DE SANTIAGO|4|MAIPO|13402|BUIN|6|SANTIAGO SUR|258|251|-6|-7|No significativa|Negativa y significativa
2016|20171024|final20171024v1|4b|8|REGION DEL BIOBIO|4|Г‘UBLE|8402|BULNES|4|Г‘UBLE|247|240|-8|-6|No significativa|No significativa
2016|20171024|final20171024v1|4b|5|REGION DE VALPARAISO|4|PETORCA|5402|CABILDO|1|QUILLOTA - PETORCA|254|244|-2|-10|No significativa|Negativa y significativa
2016|20171024|final20171024v1|4b|12|REGION DE MAGALLANES Y DE LA ANTГЃRTICA CHILENA|2|ANTГЃRTICA CHILENA|12201|CABO DE HORNOS|1|MAGALLANES|266|269|-4|-4|No significativa|No significativa
2016|20171024|final20171024v1|4b|8|REGION DEL BIOBIO|3|BIOBГЌO|8303|CABRERO|2|BIOBГЌO|265|261|7|-1|No significativa|No significativa
2016|20171024|final20171024v1|4b|2|REGION DE ANTOFAGASTA|2|EL LOA|2201|CALAMA|2|EL LOA|271|266|5|3|No significativa|No significativa
2016|20171024|final20171024v1|4b|10|REGION DE LOS LAGOS|1|LLANQUIHUE|10102|CALBUCO|2|LLANQUIHUE|256|248|-3|-1|No significativa|No significativa
2016|20171024|final20171024v1|4b|3|REGION DE ATACAMA|1|COPIAPГ“|3102|CALDERA|1|COPIAPГ“ - CHAГ‘ARAL|255|241|1|-5|No significativa|No significativa
2016|20171024|final20171024v1|4b|5|REGION DE VALPARAISO|5|QUILLOTA|5502|CALERA|1|QUILLOTA - PETORCA|264|263|-3|0|No significativa|No significativa
2016|20171024|final20171024v1|4b|13|REGION METROPOLITANA DE SANTIAGO|4|MAIPO|13403|CALERA DE TANGO|6|SANTIAGO SUR|274|265|11|6|Positiva y significativa|No significativa
2016|20171024|final20171024v1|4b|5|REGION DE VALPARAISO|3|LOS ANDES|5302|CALLE LARGA|3|SAN FELIPE - LOS ANDES|249|238|-6|-10|No significativa|Negativa y significativa
2016|20171024|final20171024v1|4b|15|REGION DE ARICA Y PARINACOTA|1|ARICA|15102|CAMARONES|1|ARICA|283|235|0|0|No significativa|No significativa
2016|20171024|final20171024v1|4b|1|REGION DE TARAPACA|4|TAMARUGAL|1402|CAMIГ‘A|2|TAMARUGAL|271|281|42|72|Positiva y significativa|Positiva y significativa
2016|20171024|final20171024v1|4b|4|REGION DE COQUIMBO|2|CHOAPA|4202|CANELA|1|CHOAPA|280|252|15|7|Positiva y significativa|No significativa
2016|20171024|final20171024v1|4b|9|REGION DE LA ARAUCANIA|1|CAUTГЌN|9102|CARAHUE|1|CAUTГЌN NORTE|259|241|3|1|No significativa|No significativa
2016|20171024|final20171024v1|4b|5|REGION DE VALPARAISO|6|SAN ANTONIO|5603|CARTAGENA|2|SAN ANTONIO|251|243|-6|-12|No significativa|Negativa y significativa
2016|20171024|final20171024v1|4b|5|REGION DE VALPARAISO|1|VALPARAГЌSO|5102|CASABLANCA|4|VALPARAГЌSO|259|261|2|7|No significativa|No significativa
2016|20171024|final20171024v1|4b|10|REGION DE LOS LAGOS|2|CHILOГ‰|10201|CASTRO|1|CHILOГ‰|273|261|-3|-3|No significativa|No significativa
2016|20171024|final20171024v1|4b|5|REGION DE VALPARAISO|7|SAN FELIPE DE ACONCAGUA|5702|CATEMU|3|SAN FELIPE - LOS ANDES|263|250|2|2|No significativa|No significativa
2016|20171024|final20171024v1|4b|7|REGION DEL MAULE|2|CAUQUENES|7201|CAUQUENES|1|CAUQUENES|268|258|4|-2|No significativa|No significativa
2016|20171024|final20171024v1|4b|8|REGION DEL BIOBIO|2|ARAUCO|8203|CAГ‘ETE|1|ARAUCO|267|258|4|3|No significativa|No significativa
2016|20171024|final20171024v1|4b|13|REGION METROPOLITANA DE SANTIAGO|1|SANTIAGO|13102|CERRILLOS|5|SANTIAGO PONIENTE|259|251|6|7|No significativa|Positiva y significativa
2016|20171024|final20171024v1|4b|13|REGION METROPOLITANA DE SANTIAGO|1|SANTIAGO|13103|CERRO NAVIA|5|SANTIAGO PONIENTE|252|243|4|2|No significativa|No significativa
2016|20171024|final20171024v1|4b|10|REGION DE LOS LAGOS|4|PALENA|10401|CHAITГ‰N|4|PALENA|253|232|3|1|No significativa|No significativa
2016|20171024|final20171024v1|4b|7|REGION DEL MAULE|2|CAUQUENES|7202|CHANCO|1|CAUQUENES|259|245|7|14|No significativa|Positiva y significativa
2016|20171024|final20171024v1|4b|3|REGION DE ATACAMA|2|CHAГ‘ARAL|3201|CHAГ‘ARAL|1|COPIAPГ“ - CHAГ‘ARAL|246|237|-11|-1|Negativa y significativa|No significativa
2016|20171024|final20171024v1|4b|8|REGION DEL BIOBIO|1|CONCEPCIГ“N|8103|CHIGUAYANTE|3|CONCEPCIГ“N|269|267|0|-3|No significativa|No significativa
2016|20171024|final20171024v1|4b|11|REGION DE AYSEN DEL GRAL. CARLOS IBANEZ DEL CAMPO|4|GENERAL CARRERA|11401|CHILE CHICO|1|COYHAIQUE|250|254|-13|2|Negativa y significativa|No significativa
2016|20171024|final20171024v1|4b|8|REGION DEL BIOBIO|4|Г‘UBLE|8401|CHILLГЃN|4|Г‘UBLE|271|271|-1|2|No significativa|No significativa
2016|20171024|final20171024v1|4b|8|REGION DEL BIOBIO|4|Г‘UBLE|8406|CHILLГЃN VIEJO|4|Г‘UBLE|263|257|6|-3|No significativa|No significativa
2016|20171024|final20171024v1|4b|6|REGION DEL LIBERTADOR GRAL. BERNARDO O'HIGGINS|3|COLCHAGUA|6303|CHIMBARONGO|3|COLCHAGUA|253|251|-8|-8|Negativa y significativa|Negativa y significativa
2016|20171024|final20171024v1|4b|9|REGION DE LA ARAUCANIA|1|CAUTГЌN|9121|CHOLCHOL|1|CAUTГЌN NORTE|257|235|-3|4|No significativa|No significativa
2016|20171024|final20171024v1|4b|10|REGION DE LOS LAGOS|2|CHILOГ‰|10203|CHONCHI|1|CHILOГ‰|254|240|-10|-14|Negativa y significativa|Negativa y significativa
2016|20171024|final20171024v1|4b|6|REGION DEL LIBERTADOR GRAL. BERNARDO O'HIGGINS|3|COLCHAGUA|6302|CHГ‰PICA|3|COLCHAGUA|277|280|17|20|Positiva y significativa|Positiva y significativa
2016|20171024|final20171024v1|4b|11|REGION DE AYSEN DEL GRAL. CARLOS IBANEZ DEL CAMPO|2|AISГ‰N|11202|CISNES|1|COYHAIQUE|267|262|21|21|Positiva y significativa|Positiva y significativa
2016|20171024|final20171024v1|4b|8|REGION DEL BIOBIO|4|Г‘UBLE|8403|COBQUECURA|4|Г‘UBLE|276|263|5|23|No significativa|Positiva y significativa
2016|20171024|final20171024v1|4b|10|REGION DE LOS LAGOS|1|LLANQUIHUE|10103|COCHAMГ“|2|LLANQUIHUE|269|253|17|18|Positiva y significativa|Positiva y significativa
2016|20171024|final20171024v1|4b|11|REGION DE AYSEN DEL GRAL. CARLOS IBANEZ DEL CAMPO|3|CAPITAN PRAT|11301|COCHRANE|1|COYHAIQUE|249|242|-10|-12|No significativa|No significativa
2016|20171024|final20171024v1|4b|6|REGION DEL LIBERTADOR GRAL. BERNARDO O'HIGGINS|1|CACHAPOAL|6102|CODEGUA|1|CACHAPOAL|248|229|12|-1|Positiva y significativa|No significativa
2016|20171024|final20171024v1|4b|8|REGION DEL BIOBIO|4|Г‘UBLE|8404|COELEMU|4|Г‘UBLE|277|263|20|17|Positiva y significativa|Positiva y significativa
2016|20171024|final20171024v1|4b|11|REGION DE AYSEN DEL GRAL. CARLOS IBANEZ DEL CAMPO|1|COYHAIQUE|11101|COIHAIQUE|1|COYHAIQUE|260|250|-1|-5|No significativa|No significativa
2016|20171024|final20171024v1|4b|8|REGION DEL BIOBIO|4|Г‘UBLE|8405|COIHUECO|4|Г‘UBLE|261|259|2|7|No significativa|No significativa
2016|20171024|final20171024v1|4b|6|REGION DEL LIBERTADOR GRAL. BERNARDO O'HIGGINS|1|CACHAPOAL|6103|COINCO|1|CACHAPOAL|261|244|20|11|Positiva y significativa|No significativa
2016|20171024|final20171024v1|4b|7|REGION DEL MAULE|4|LINARES|7402|COLBГљN|3|LINARES|249|245|-6|-10|No significativa|Negativa y significativa
2016|20171024|final20171024v1|4b|1|REGION DE TARAPACA|4|TAMARUGAL|1403|COLCHANE|2|TAMARUGAL|242|214|-21|-32|No significativa|Negativa y significativa
2016|20171024|final20171024v1|4b|13|REGION METROPOLITANA DE SANTIAGO|3|CHACABUCO|13301|COLINA|3|SANTIAGO NORTE|278|281|4|5|No significativa|No significativa
2016|20171024|final20171024v1|4b|9|REGION DE LA ARAUCANIA|2|MALLECO|9202|COLLIPULLI|3|MALLECO|254|239|1|-3|No significativa|No significativa
2016|20171024|final20171024v1|4b|6|REGION DEL LIBERTADOR GRAL. BERNARDO O'HIGGINS|1|CACHAPOAL|6104|COLTAUCO|1|CACHAPOAL|259|257|-1|1|No significativa|No significativa
2016|20171024|final20171024v1|4b|4|REGION DE COQUIMBO|3|LIMARГЌ|4302|COMBARBALГЃ|3|LIMARГЌ|262|246|10|7|Positiva y significativa|No significativa
2016|20171024|final20171024v1|4b|8|REGION DEL BIOBIO|1|CONCEPCIГ“N|8101|CONCEPCIГ“N|3|CONCEPCIГ“N|277|274|2|1|No significativa|No significativa
2016|20171024|final20171024v1|4b|13|REGION METROPOLITANA DE SANTIAGO|1|SANTIAGO|13104|CONCHALГЌ|3|SANTIAGO NORTE|256|254|5|6|No significativa|Positiva y significativa
2016|20171024|final20171024v1|4b|5|REGION DE VALPARAISO|1|VALPARAГЌSO|5103|CONCГ“N|4|VALPARAГЌSO|279|278|3|3|No significativa|No significativa
2016|20171024|final20171024v1|4b|7|REGION DEL MAULE|1|TALCA|7102|CONSTITUCIГ“N|4|TALCA|280|290|3|7|No significativa|No significativa
2016|20171024|final20171024v1|4b|8|REGION DEL BIOBIO|2|ARAUCO|8204|CONTULMO|1|ARAUCO|273|252|4|7|No significativa|No significativa
2016|20171024|final20171024v1|4b|3|REGION DE ATACAMA|1|COPIAPГ“|3101|COPIAPГ“|1|COPIAPГ“ - CHAГ‘ARAL|270|260|11|13|Positiva y significativa|Positiva y significativa
2016|20171024|final20171024v1|4b|4|REGION DE COQUIMBO|1|ELQUI|4102|COQUIMBO|2|ELQUI|265|258|2|2|No significativa|No significativa
2016|20171024|final20171024v1|4b|8|REGION DEL BIOBIO|1|CONCEPCIГ“N|8102|CORONEL|3|CONCEPCIГ“N|265|258|0|0|No significativa|No significativa
2016|20171024|final20171024v1|4b|14|REGION DE LOS RIOS|1|VALDIVIA|14102|CORRAL|2|VALDIVIA|259|246|22|40|Positiva y significativa|Positiva y significativa
2016|20171024|final20171024v1|4b|9|REGION DE LA ARAUCANIA|1|CAUTГЌN|9103|CUNCO|1|CAUTГЌN NORTE|266|248|8|-1|No significativa|No significativa
2016|20171024|final20171024v1|4b|9|REGION DE LA ARAUCANIA|2|MALLECO|9203|CURACAUTГЌN|3|MALLECO|243|233|-12|-11|Negativa y significativa|Negativa y significativa
2016|20171024|final20171024v1|4b|13|REGION METROPOLITANA DE SANTIAGO|5|MELIPILLA|13503|CURACAVГЌ|7|TALAGANTE|262|254|6|3|No significativa|No significativa
2016|20171024|final20171024v1|4b|10|REGION DE LOS LAGOS|2|CHILOГ‰|10204|CURACO DE VГ‰LEZ|1|CHILOГ‰|284|264|4|1|No significativa|No significativa
2016|20171024|final20171024v1|4b|8|REGION DEL BIOBIO|2|ARAUCO|8205|CURANILAHUE|1|ARAUCO|266|264|-4|2|No significativa|No significativa
2016|20171024|final20171024v1|4b|9|REGION DE LA ARAUCANIA|1|CAUTГЌN|9104|CURARREHUE|2|CAUTГЌN SUR|265|239|-7|-3|No significativa|No significativa
2016|20171024|final20171024v1|4b|7|REGION DEL MAULE|1|TALCA|7103|CUREPTO|4|TALCA|287|282|20|18|Positiva y significativa|Positiva y significativa
2016|20171024|final20171024v1|4b|7|REGION DEL MAULE|3|CURICГ“|7301|CURICГ“|2|CURICГ“|274|273|1|2|No significativa|No significativa
2016|20171024|final20171024v1|4b|10|REGION DE LOS LAGOS|2|CHILOГ‰|10205|DALCAHUE|1|CHILOГ‰|271|254|8|-13|No significativa|Negativa y significativa
2016|20171024|final20171024v1|4b|3|REGION DE ATACAMA|2|CHAГ‘ARAL|3202|DIEGO DE ALMAGRO|1|COPIAPГ“ - CHAГ‘ARAL|271|272|14|35|Positiva y significativa|Positiva y significativa
2016|20171024|final20171024v1|4b|6|REGION DEL LIBERTADOR GRAL. BERNARDO O'HIGGINS|1|CACHAPOAL|6105|DOГ‘IHUE|1|CACHAPOAL|266|257|3|-12|No significativa|Negativa y significativa
2016|20171024|final20171024v1|4b|13|REGION METROPOLITANA DE SANTIAGO|1|SANTIAGO|13105|EL BOSQUE|6|SANTIAGO SUR|257|254|1|1|No significativa|No significativa
2016|20171024|final20171024v1|4b|8|REGION DEL BIOBIO|4|Г‘UBLE|8407|EL CARMEN|4|Г‘UBLE|261|247|-5|-10|No significativa|Negativa y significativa
2016|20171024|final20171024v1|4b|13|REGION METROPOLITANA DE SANTIAGO|6|TALAGANTE|13602|EL MONTE|7|TALAGANTE|251|237|-1|-5|No significativa|No significativa
2016|20171024|final20171024v1|4b|5|REGION DE VALPARAISO|6|SAN ANTONIO|5604|EL QUISCO|2|SAN ANTONIO|250|243|-3|5|No significativa|No significativa
2016|20171024|final20171024v1|4b|5|REGION DE VALPARAISO|6|SAN ANTONIO|5605|EL TABO|2|SAN ANTONIO|242|228|-26|-37|Negativa y significativa|Negativa y significativa
2016|20171024|final20171024v1|4b|7|REGION DEL MAULE|1|TALCA|7104|EMPEDRADO|4|TALCA|273|276|5|5|No significativa|No significativa
2016|20171024|final20171024v1|4b|9|REGION DE LA ARAUCANIA|2|MALLECO|9204|ERCILLA|3|MALLECO|269|249|16|20|Positiva y significativa|Positiva y significativa
2016|20171024|final20171024v1|4b|13|REGION METROPOLITANA DE SANTIAGO|1|SANTIAGO|13106|ESTACIГ“N CENTRAL|5|SANTIAGO PONIENTE|263|260|-1|-1|No significativa|No significativa
2016|20171024|final20171024v1|4b|8|REGION DEL BIOBIO|1|CONCEPCIГ“N|8104|FLORIDA|3|CONCEPCIГ“N|249|246|-12|-5|Negativa y significativa|No significativa
2016|20171024|final20171024v1|4b|9|REGION DE LA ARAUCANIA|1|CAUTГЌN|9105|FREIRE|2|CAUTГЌN SUR|258|240|-1|-5|No significativa|No significativa
2016|20171024|final20171024v1|4b|3|REGION DE ATACAMA|3|HUASCO|3303|FREIRINA|2|HUASCO|257|248|4|3|No significativa|No significativa
2016|20171024|final20171024v1|4b|10|REGION DE LOS LAGOS|1|LLANQUIHUE|10104|FRESIA|2|LLANQUIHUE|268|250|7|3|No significativa|No significativa
2016|20171024|final20171024v1|4b|10|REGION DE LOS LAGOS|1|LLANQUIHUE|10105|FRUTILLAR|2|LLANQUIHUE|259|250|-4|7|No significativa|No significativa
2016|20171024|final20171024v1|4b|10|REGION DE LOS LAGOS|4|PALENA|10402|FUTALEUFГљ|4|PALENA|268|253|-6|-18|No significativa|Negativa y significativa
2016|20171024|final20171024v1|4b|14|REGION DE LOS RIOS|2|RANCO|14202|FUTRONO|1|RANCO|267|247|3|2|No significativa|No significativa
2016|20171024|final20171024v1|4b|9|REGION DE LA ARAUCANIA|1|CAUTГЌN|9106|GALVARINO|1|CAUTГЌN NORTE|246|224|-5|-2|No significativa|No significativa
2016|20171024|final20171024v1|4b|15|REGION DE ARICA Y PARINACOTA|2|PARINACOTA|15202|GENERAL LAGOS|2|PARINACOTA|234|230|0|0|No significativa|No significativa
2016|20171024|final20171024v1|4b|9|REGION DE LA ARAUCANIA|1|CAUTГЌN|9107|GORBEA|2|CAUTГЌN SUR|253|250|-11|-3|Negativa y significativa|No significativa
2016|20171024|final20171024v1|4b|6|REGION DEL LIBERTADOR GRAL. BERNARDO O'HIGGINS|1|CACHAPOAL|6106|GRANEROS|1|CACHAPOAL|246|239|0|5|No significativa|No significativa
2016|20171024|final20171024v1|4b|11|REGION DE AYSEN DEL GRAL. CARLOS IBANEZ DEL CAMPO|2|AISГ‰N|11203|GUAITECAS|1|COYHAIQUE|269|237|16|-15|No significativa|No significativa
2016|20171024|final20171024v1|4b|5|REGION DE VALPARAISO|5|QUILLOTA|5503|HIJUELAS|1|QUILLOTA - PETORCA|251|245|-2|-2|No significativa|No significativa
2016|20171024|final20171024v1|4b|10|REGION DE LOS LAGOS|4|PALENA|10403|HUALAIHUГ‰|2|LLANQUIHUE|258|243|-1|-3|No significativa|No significativa
2016|20171024|final20171024v1|4b|7|REGION DEL MAULE|3|CURICГ“|7302|HUALAГ‘Г‰|2|CURICГ“|274|273|-7|-9|No significativa|No significativa
2016|20171024|final20171024v1|4b|8|REGION DEL BIOBIO|1|CONCEPCIГ“N|8112|HUALPГ‰N|3|CONCEPCIГ“N|271|267|6|7|No significativa|Positiva y significativa
2016|20171024|final20171024v1|4b|8|REGION DEL BIOBIO|1|CONCEPCIГ“N|8105|HUALQUI|3|CONCEPCIГ“N|263|248|7|0|No significativa|No significativa
2016|20171024|final20171024v1|4b|1|REGION DE TARAPACA|4|TAMARUGAL|1404|HUARA|2|TAMARUGAL|242|223|-16|-19|Negativa y significativa|Negativa y significativa
2016|20171024|final20171024v1|4b|3|REGION DE ATACAMA|3|HUASCO|3304|HUASCO|2|HUASCO|253|247|-10|-1|No significativa|No significativa
2016|20171024|final20171024v1|4b|13|REGION METROPOLITANA DE SANTIAGO|1|SANTIAGO|13107|HUECHURABA|3|SANTIAGO NORTE|268|269|1|0|No significativa|No significativa
2016|20171024|final20171024v1|4b|4|REGION DE COQUIMBO|2|CHOAPA|4201|ILLAPEL|1|CHOAPA|265|240|4|1|No significativa|No significativa
2016|20171024|final20171024v1|4b|13|REGION METROPOLITANA DE SANTIAGO|1|SANTIAGO|13108|INDEPENDENCIA|3|SANTIAGO NORTE|266|261|-3|3|No significativa|No significativa
2016|20171024|final20171024v1|4b|1|REGION DE TARAPACA|1|IQUIQUE|1101|IQUIQUE|1|IQUIQUE|271|262|3|3|No significativa|No significativa
2016|20171024|final20171024v1|4b|13|REGION METROPOLITANA DE SANTIAGO|6|TALAGANTE|13603|ISLA DE MAIPO|7|TALAGANTE|248|246|-1|4|No significativa|No significativa
2016|20171024|final20171024v1|4b|5|REGION DE VALPARAISO|2|ISLA DE PASCUA|5201|ISLA DE PASCUA|4|VALPARAГЌSO|248|228|6|1|No significativa|No significativa
2016|20171024|final20171024v1|4b|5|REGION DE VALPARAISO|1|VALPARAГЌSO|5104|JUAN FERNГЃNDEZ|4|VALPARAГЌSO|238|242|-13|10|No significativa|No significativa
2016|20171024|final20171024v1|4b|13|REGION METROPOLITANA DE SANTIAGO|1|SANTIAGO|13109|LA CISTERNA|6|SANTIAGO SUR|268|263|1|-1|No significativa|No significativa
2016|20171024|final20171024v1|4b|5|REGION DE VALPARAISO|5|QUILLOTA|5504|LA CRUZ|1|QUILLOTA - PETORCA|252|244|1|-3|No significativa|No significativa
2016|20171024|final20171024v1|4b|6|REGION DEL LIBERTADOR GRAL. BERNARDO O'HIGGINS|2|CARDENAL CARO|6202|LA ESTRELLA|2|CARDENAL CARO|259|258|-12|-27|No significativa|Negativa y significativa
2016|20171024|final20171024v1|4b|13|REGION METROPOLITANA DE SANTIAGO|1|SANTIAGO|13110|LA FLORIDA|1|CORDILLERA|272|267|7|5|Positiva y significativa|No significativa
2016|20171024|final20171024v1|4b|13|REGION METROPOLITANA DE SANTIAGO|1|SANTIAGO|13111|LA GRANJA|6|SANTIAGO SUR|259|257|1|2|No significativa|No significativa
2016|20171024|final20171024v1|4b|4|REGION DE COQUIMBO|1|ELQUI|4104|LA HIGUERA|2|ELQUI|260|249|9|-2|No significativa|No significativa
2016|20171024|final20171024v1|4b|5|REGION DE VALPARAISO|4|PETORCA|5401|LA LIGUA|1|QUILLOTA - PETORCA|266|257|1|1|No significativa|No significativa
2016|20171024|final20171024v1|4b|13|REGION METROPOLITANA DE SANTIAGO|1|SANTIAGO|13112|LA PINTANA|1|CORDILLERA|254|253|5|9|No significativa|Positiva y significativa
2016|20171024|final20171024v1|4b|13|REGION METROPOLITANA DE SANTIAGO|1|SANTIAGO|13113|LA REINA|4|SANTIAGO ORIENTE|291|289|0|0|No significativa|No significativa
2016|20171024|final20171024v1|4b|4|REGION DE COQUIMBO|1|ELQUI|4101|LA SERENA|2|ELQUI|275|270|4|2|No significativa|No significativa
2016|20171024|final20171024v1|4b|14|REGION DE LOS RIOS|2|RANCO|14201|LA UNIГ“N|1|RANCO|271|260|2|7|No significativa|No significativa
2016|20171024|final20171024v1|4b|14|REGION DE LOS RIOS|2|RANCO|14203|LAGO RANCO|1|RANCO|267|263|7|7|No significativa|No significativa
2016|20171024|final20171024v1|4b|11|REGION DE AYSEN DEL GRAL. CARLOS IBANEZ DEL CAMPO|1|COYHAIQUE|11102|LAGO VERDE|1|COYHAIQUE|268|234|-22|-15|Negativa y significativa|No significativa
2016|20171024|final20171024v1|4b|12|REGION DE MAGALLANES Y DE LA ANTГЃRTICA CHILENA|1|MAGALLANES|12102|LAGUNA BLANCA|1|MAGALLANES|278|264|0|0|No significativa|No significativa
2016|20171024|final20171024v1|4b|8|REGION DEL BIOBIO|3|BIOBГЌO|8304|LAJA|2|BIOBГЌO|265|258|4|2|No significativa|No significativa
2016|20171024|final20171024v1|4b|13|REGION METROPOLITANA DE SANTIAGO|3|CHACABUCO|13302|LAMPA|3|SANTIAGO NORTE|259|258|0|2|No significativa|No significativa
2016|20171024|final20171024v1|4b|14|REGION DE LOS RIOS|1|VALDIVIA|14103|LANCO|2|VALDIVIA|267|256|8|15|No significativa|Positiva y significativa
2016|20171024|final20171024v1|4b|6|REGION DEL LIBERTADOR GRAL. BERNARDO O'HIGGINS|1|CACHAPOAL|6107|LAS CABRAS|1|CACHAPOAL|255|245|-6|-8|No significativa|No significativa
2016|20171024|final20171024v1|4b|13|REGION METROPOLITANA DE SANTIAGO|1|SANTIAGO|13114|LAS CONDES|4|SANTIAGO ORIENTE|299|300|2|-2|No significativa|No significativa
2016|20171024|final20171024v1|4b|9|REGION DE LA ARAUCANIA|1|CAUTГЌN|9108|LAUTARO|1|CAUTГЌN NORTE|257|244|-2|3|No significativa|No significativa
2016|20171024|final20171024v1|4b|8|REGION DEL BIOBIO|2|ARAUCO|8201|LEBU|1|ARAUCO|266|251|10|5|Positiva y significativa|No significativa
2016|20171024|final20171024v1|4b|7|REGION DEL MAULE|3|CURICГ“|7303|LICANTГ‰N|2|CURICГ“|270|273|5|-3|No significativa|No significativa
2016|20171024|final20171024v1|4b|5|REGION DE VALPARAISO|8|MARGA MARGA|5802|LIMACHE|1|QUILLOTA - PETORCA|257|255|-1|3|No significativa|No significativa
2016|20171024|final20171024v1|4b|7|REGION DEL MAULE|4|LINARES|7401|LINARES|3|LINARES|275|270|0|-2|No significativa|No significativa
2016|20171024|final20171024v1|4b|6|REGION DEL LIBERTADOR GRAL. BERNARDO O'HIGGINS|2|CARDENAL CARO|6203|LITUECHE|2|CARDENAL CARO|263|263|12|23|Positiva y significativa|Positiva y significativa
2016|20171024|final20171024v1|4b|5|REGION DE VALPARAISO|7|SAN FELIPE DE ACONCAGUA|5703|LLAILLAY|3|SAN FELIPE - LOS ANDES|253|243|-5|-5|No significativa|No significativa
2016|20171024|final20171024v1|4b|10|REGION DE LOS LAGOS|1|LLANQUIHUE|10107|LLANQUIHUE|2|LLANQUIHUE|264|248|10|3|Positiva y significativa|No significativa
2016|20171024|final20171024v1|4b|13|REGION METROPOLITANA DE SANTIAGO|1|SANTIAGO|13115|LO BARNECHEA|4|SANTIAGO ORIENTE|292|293|0|0|No significativa|No significativa
2016|20171024|final20171024v1|4b|13|REGION METROPOLITANA DE SANTIAGO|1|SANTIAGO|13116|LO ESPEJO|6|SANTIAGO SUR|247|243|-8|-2|Negativa y significativa|No significativa
2016|20171024|final20171024v1|4b|13|REGION METROPOLITANA DE SANTIAGO|1|SANTIAGO|13117|LO PRADO|5|SANTIAGO PONIENTE|259|263|3|5|No significativa|No significativa
2016|20171024|final20171024v1|4b|6|REGION DEL LIBERTADOR GRAL. BERNARDO O'HIGGINS|3|COLCHAGUA|6304|LOLOL|3|COLCHAGUA|260|261|9|18|No significativa|Positiva y significativa
2016|20171024|final20171024v1|4b|9|REGION DE LA ARAUCANIA|1|CAUTГЌN|9109|LONCOCHE|2|CAUTГЌN SUR|257|243|-9|-10|Negativa y significativa|Negativa y significativa
2016|20171024|final20171024v1|4b|7|REGION DEL MAULE|4|LINARES|7403|LONGAVГЌ|3|LINARES|260|257|-4|-2|No significativa|No significativa
2016|20171024|final20171024v1|4b|9|REGION DE LA ARAUCANIA|2|MALLECO|9205|LONQUIMAY|3|MALLECO|246|226|7|4|No significativa|No significativa
2016|20171024|final20171024v1|4b|5|REGION DE VALPARAISO|3|LOS ANDES|5301|LOS ANDES|3|SAN FELIPE - LOS ANDES|270|262|12|15|Positiva y significativa|Positiva y significativa
2016|20171024|final20171024v1|4b|14|REGION DE LOS RIOS|1|VALDIVIA|14104|LOS LAGOS|2|VALDIVIA|256|237|-4|-1|No significativa|No significativa
2016|20171024|final20171024v1|4b|10|REGION DE LOS LAGOS|1|LLANQUIHUE|10106|LOS MUERMOS|2|LLANQUIHUE|264|253|5|6|No significativa|No significativa
2016|20171024|final20171024v1|4b|9|REGION DE LA ARAUCANIA|2|MALLECO|9206|LOS SAUCES|3|MALLECO|275|264|0|11|No significativa|Positiva y significativa
2016|20171024|final20171024v1|4b|4|REGION DE COQUIMBO|2|CHOAPA|4203|LOS VILOS|1|CHOAPA|247|247|-3|4|No significativa|No significativa
2016|20171024|final20171024v1|4b|8|REGION DEL BIOBIO|2|ARAUCO|8206|LOS ГЃLAMOS|1|ARAUCO|256|246|-2|0|No significativa|No significativa
2016|20171024|final20171024v1|4b|8|REGION DEL BIOBIO|3|BIOBГЌO|8301|LOS ГЃNGELES|2|BIOBГЌO|264|263|0|2|No significativa|No significativa
2016|20171024|final20171024v1|4b|8|REGION DEL BIOBIO|1|CONCEPCIГ“N|8106|LOTA|3|CONCEPCIГ“N|264|257|-1|3|No significativa|No significativa
2016|20171024|final20171024v1|4b|9|REGION DE LA ARAUCANIA|2|MALLECO|9207|LUMACO|3|MALLECO|258|237|5|-4|No significativa|No significativa
2016|20171024|final20171024v1|4b|6|REGION DEL LIBERTADOR GRAL. BERNARDO O'HIGGINS|1|CACHAPOAL|6108|MACHALГЌ|1|CACHAPOAL|285|280|8|4|Positiva y significativa|No significativa
2016|20171024|final20171024v1|4b|13|REGION METROPOLITANA DE SANTIAGO|1|SANTIAGO|13118|MACUL|4|SANTIAGO ORIENTE|270|269|4|7|No significativa|Positiva y significativa
2016|20171024|final20171024v1|4b|13|REGION METROPOLITANA DE SANTIAGO|1|SANTIAGO|13119|MAIPГљ|5|SANTIAGO PONIENTE|270|267|3|2|No significativa|No significativa
2016|20171024|final20171024v1|4b|6|REGION DEL LIBERTADOR GRAL. BERNARDO O'HIGGINS|1|CACHAPOAL|6109|MALLOA|1|CACHAPOAL|259|254|-11|-8|Negativa y significativa|No significativa
2016|20171024|final20171024v1|4b|6|REGION DEL LIBERTADOR GRAL. BERNARDO O'HIGGINS|2|CARDENAL CARO|6204|MARCHIHUE|2|CARDENAL CARO|265|266|-10|-4|No significativa|No significativa
2016|20171024|final20171024v1|4b|14|REGION DE LOS RIOS|1|VALDIVIA|14106|MARIQUINA|2|VALDIVIA|257|238|1|0|No significativa|No significativa
2016|20171024|final20171024v1|4b|2|REGION DE ANTOFAGASTA|3|TOCOPILLA|2302|MARГЌA ELENA|1|ANTOFAGASTA|245|254|-3|10|No significativa|No significativa
2016|20171024|final20171024v1|4b|13|REGION METROPOLITANA DE SANTIAGO|5|MELIPILLA|13504|MARГЌA PINTO|7|TALAGANTE|254|245|9|0|No significativa|No significativa
2016|20171024|final20171024v1|4b|7|REGION DEL MAULE|1|TALCA|7105|MAULE|4|TALCA|271|260|2|-8|No significativa|No significativa
2016|20171024|final20171024v1|4b|10|REGION DE LOS LAGOS|1|LLANQUIHUE|10108|MAULLГЌN|2|LLANQUIHUE|266|255|-1|-2|No significativa|No significativa
2016|20171024|final20171024v1|4b|2|REGION DE ANTOFAGASTA|1|ANTOFAGASTA|2102|MEJILLONES|1|ANTOFAGASTA|247|229|5|-9|No significativa|No significativa
2016|20171024|final20171024v1|4b|9|REGION DE LA ARAUCANIA|1|CAUTГЌN|9110|MELIPEUCO|1|CAUTГЌN NORTE|251|230|2|5|No significativa|No significativa
2016|20171024|final20171024v1|4b|13|REGION METROPOLITANA DE SANTIAGO|5|MELIPILLA|13501|MELIPILLA|7|TALAGANTE|261|254|-1|0|No significativa|No significativa
2016|20171024|final20171024v1|4b|7|REGION DEL MAULE|3|CURICГ“|7304|MOLINA|2|CURICГ“|255|249|-5|-4|No significativa|No significativa
2016|20171024|final20171024v1|4b|4|REGION DE COQUIMBO|3|LIMARГЌ|4303|MONTE PATRIA|3|LIMARГЌ|258|250|-6|-3|No significativa|No significativa
2016|20171024|final20171024v1|4b|6|REGION DEL LIBERTADOR GRAL. BERNARDO O'HIGGINS|1|CACHAPOAL|6110|MOSTAZAL|1|CACHAPOAL|247|235|7|8|No significativa|Positiva y significativa
2016|20171024|final20171024v1|4b|8|REGION DEL BIOBIO|3|BIOBГЌO|8305|MULCHГ‰N|2|BIOBГЌO|266|256|9|10|Positiva y significativa|Positiva y significativa
2016|20171024|final20171024v1|4b|14|REGION DE LOS RIOS|1|VALDIVIA|14105|MГЃFIL|2|VALDIVIA|250|231|-1|-13|No significativa|Negativa y significativa
2016|20171024|final20171024v1|4b|8|REGION DEL BIOBIO|3|BIOBГЌO|8306|NACIMIENTO|2|BIOBГЌO|275|283|1|0|No significativa|No significativa
2016|20171024|final20171024v1|4b|6|REGION DEL LIBERTADOR GRAL. BERNARDO O'HIGGINS|3|COLCHAGUA|6305|NANCAGUA|3|COLCHAGUA|269|270|0|12|No significativa|Positiva y significativa
2016|20171024|final20171024v1|4b|12|REGION DE MAGALLANES Y DE LA ANTГЃRTICA CHILENA|4|ГљLTIMA ESPERANZA|12401|NATALES|1|MAGALLANES|257|248|-2|0|No significativa|No significativa
2016|20171024|final20171024v1|4b|6|REGION DEL LIBERTADOR GRAL. BERNARDO O'HIGGINS|2|CARDENAL CARO|6205|NAVIDAD|2|CARDENAL CARO|263|261|6|6|No significativa|No significativa
2016|20171024|final20171024v1|4b|8|REGION DEL BIOBIO|3|BIOBГЌO|8307|NEGRETE|2|BIOBГЌO|265|280|-5|-1|No significativa|No significativa
2016|20171024|final20171024v1|4b|8|REGION DEL BIOBIO|4|Г‘UBLE|8408|NINHUE|4|Г‘UBLE|257|263|-13|-10|Negativa y significativa|No significativa
2016|20171024|final20171024v1|4b|5|REGION DE VALPARAISO|5|QUILLOTA|5506|NOGALES|1|QUILLOTA - PETORCA|256|257|1|8|No significativa|Positiva y significativa
2016|20171024|final20171024v1|4b|9|REGION DE LA ARAUCANIA|1|CAUTГЌN|9111|NUEVA IMPERIAL|1|CAUTГЌN NORTE|259|247|2|-1|No significativa|No significativa
2016|20171024|final20171024v1|4b|11|REGION DE AYSEN DEL GRAL. CARLOS IBANEZ DEL CAMPO|3|CAPITAN PRAT|11302|O'HIGGINS|1|COYHAIQUE|219|232|-84|-68|Negativa y significativa|Negativa y significativa
2016|20171024|final20171024v1|4b|6|REGION DEL LIBERTADOR GRAL. BERNARDO O'HIGGINS|1|CACHAPOAL|6111|OLIVAR|1|CACHAPOAL|263|263|-1|-2|No significativa|No significativa
2016|20171024|final20171024v1|4b|2|REGION DE ANTOFAGASTA|2|EL LOA|2202|OLLAGГњE|2|EL LOA|249|270|0|0|No significativa|No significativa
2016|20171024|final20171024v1|4b|5|REGION DE VALPARAISO|8|MARGA MARGA|5803|OLMUГ‰|1|QUILLOTA - PETORCA|257|239|8|-1|No significativa|No significativa
2016|20171024|final20171024v1|4b|10|REGION DE LOS LAGOS|3|OSORNO|10301|OSORNO|3|OSORNO|269|263|-2|0|No significativa|No significativa
2016|20171024|final20171024v1|4b|4|REGION DE COQUIMBO|3|LIMARГЌ|4301|OVALLE|3|LIMARГЌ|265|261|-1|5|No significativa|No significativa
2016|20171024|final20171024v1|4b|13|REGION METROPOLITANA DE SANTIAGO|6|TALAGANTE|13604|PADRE HURTADO|7|TALAGANTE|255|250|0|-1|No significativa|No significativa
2016|20171024|final20171024v1|4b|9|REGION DE LA ARAUCANIA|1|CAUTГЌN|9112|PADRE LAS CASAS|2|CAUTГЌN SUR|264|252|2|1|No significativa|No significativa
2016|20171024|final20171024v1|4b|4|REGION DE COQUIMBO|1|ELQUI|4105|PAIGUANO|2|ELQUI|251|226|16|12|Positiva y significativa|No significativa
2016|20171024|final20171024v1|4b|14|REGION DE LOS RIOS|1|VALDIVIA|14107|PAILLACO|2|VALDIVIA|270|259|10|8|Positiva y significativa|No significativa
2016|20171024|final20171024v1|4b|13|REGION METROPOLITANA DE SANTIAGO|4|MAIPO|13404|PAINE|6|SANTIAGO SUR|261|256|0|0|No significativa|No significativa
2016|20171024|final20171024v1|4b|10|REGION DE LOS LAGOS|4|PALENA|10404|PALENA|4|PALENA|251|241|-19|-23|Negativa y significativa|Negativa y significativa
2016|20171024|final20171024v1|4b|6|REGION DEL LIBERTADOR GRAL. BERNARDO O'HIGGINS|3|COLCHAGUA|6306|PALMILLA|3|COLCHAGUA|236|235|-19|-6|Negativa y significativa|No significativa
2016|20171024|final20171024v1|4b|14|REGION DE LOS RIOS|1|VALDIVIA|14108|PANGUIPULLI|2|VALDIVIA|263|246|2|4|No significativa|No significativa
2016|20171024|final20171024v1|4b|5|REGION DE VALPARAISO|7|SAN FELIPE DE ACONCAGUA|5704|PANQUEHUE|3|SAN FELIPE - LOS ANDES|274|260|10|15|No significativa|Positiva y significativa
2016|20171024|final20171024v1|4b|5|REGION DE VALPARAISO|4|PETORCA|5403|PAPUDO|1|QUILLOTA - PETORCA|251|252|-6|7|No significativa|No significativa
2016|20171024|final20171024v1|4b|6|REGION DEL LIBERTADOR GRAL. BERNARDO O'HIGGINS|2|CARDENAL CARO|6206|PAREDONES|2|CARDENAL CARO|264|243|-2|-2|No significativa|No significativa
2016|20171024|final20171024v1|4b|7|REGION DEL MAULE|4|LINARES|7404|PARRAL|3|LINARES|269|266|3|2|No significativa|No significativa
2016|20171024|final20171024v1|4b|13|REGION METROPOLITANA DE SANTIAGO|1|SANTIAGO|13121|PEDRO AGUIRRE CERDA|2|SANTIAGO CENTRO|262|266|2|9|No significativa|Positiva y significativa
2016|20171024|final20171024v1|4b|7|REGION DEL MAULE|1|TALCA|7106|PELARCO|4|TALCA|264|260|5|15|No significativa|Positiva y significativa
2016|20171024|final20171024v1|4b|7|REGION DEL MAULE|2|CAUQUENES|7203|PELLUHUE|1|CAUQUENES|260|260|19|20|Positiva y significativa|Positiva y significativa
2016|20171024|final20171024v1|4b|8|REGION DEL BIOBIO|4|Г‘UBLE|8410|PEMUCO|4|Г‘UBLE|242|231|-1|-5|No significativa|No significativa
2016|20171024|final20171024v1|4b|7|REGION DEL MAULE|1|TALCA|7107|PENCAHUE|4|TALCA|254|251|-9|-12|No significativa|Negativa y significativa
2016|20171024|final20171024v1|4b|8|REGION DEL BIOBIO|1|CONCEPCIГ“N|8107|PENCO|3|CONCEPCIГ“N|267|261|3|-1|No significativa|No significativa
2016|20171024|final20171024v1|4b|6|REGION DEL LIBERTADOR GRAL. BERNARDO O'HIGGINS|3|COLCHAGUA|6307|PERALILLO|3|COLCHAGUA|266|263|-10|-13|Negativa y significativa|Negativa y significativa
2016|20171024|final20171024v1|4b|9|REGION DE LA ARAUCANIA|1|CAUTГЌN|9113|PERQUENCO|1|CAUTГЌN NORTE|260|249|7|1|No significativa|No significativa
2016|20171024|final20171024v1|4b|5|REGION DE VALPARAISO|4|PETORCA|5404|PETORCA|1|QUILLOTA - PETORCA|259|260|-17|-1|Negativa y significativa|No significativa
2016|20171024|final20171024v1|4b|6|REGION DEL LIBERTADOR GRAL. BERNARDO O'HIGGINS|1|CACHAPOAL|6112|PEUMO|1|CACHAPOAL|251|251|-9|2|No significativa|No significativa
2016|20171024|final20171024v1|4b|13|REGION METROPOLITANA DE SANTIAGO|6|TALAGANTE|13605|PEГ‘AFLOR|7|TALAGANTE|262|251|4|0|No significativa|No significativa
2016|20171024|final20171024v1|4b|13|REGION METROPOLITANA DE SANTIAGO|1|SANTIAGO|13122|PEГ‘ALOLГ‰N|4|SANTIAGO ORIENTE|262|262|-6|-1|No significativa|No significativa
2016|20171024|final20171024v1|4b|1|REGION DE TARAPACA|4|TAMARUGAL|1405|PICA|2|TAMARUGAL|256|241|25|11|Positiva y significativa|No significativa
2016|20171024|final20171024v1|4b|6|REGION DEL LIBERTADOR GRAL. BERNARDO O'HIGGINS|1|CACHAPOAL|6113|PICHIDEGUA|1|CACHAPOAL|258|258|-18|-16|Negativa y significativa|Negativa y significativa
2016|20171024|final20171024v1|4b|6|REGION DEL LIBERTADOR GRAL. BERNARDO O'HIGGINS|2|CARDENAL CARO|6201|PICHILEMU|2|CARDENAL CARO|273|268|9|7|No significativa|No significativa
2016|20171024|final20171024v1|4b|8|REGION DEL BIOBIO|4|Г‘UBLE|8411|PINTO|4|Г‘UBLE|251|236|-5|-15|No significativa|Negativa y significativa
2016|20171024|final20171024v1|4b|13|REGION METROPOLITANA DE SANTIAGO|2|CORDILLERA|13202|PIRQUE|1|CORDILLERA|268|264|10|8|Positiva y significativa|No significativa
2016|20171024|final20171024v1|4b|9|REGION DE LA ARAUCANIA|1|CAUTГЌN|9114|PITRUFQUГ‰N|2|CAUTГЌN SUR|269|257|9|2|Positiva y significativa|No significativa
2016|20171024|final20171024v1|4b|6|REGION DEL LIBERTADOR GRAL. BERNARDO O'HIGGINS|3|COLCHAGUA|6308|PLACILLA|3|COLCHAGUA|259|255|7|17|No significativa|Positiva y significativa
2016|20171024|final20171024v1|4b|8|REGION DEL BIOBIO|4|Г‘UBLE|8412|PORTEZUELO|4|Г‘UBLE|256|253|0|3|No significativa|No significativa
2016|20171024|final20171024v1|4b|12|REGION DE MAGALLANES Y DE LA ANTГЃRTICA CHILENA|3|TIERRA DEL FUEGO|12301|PORVENIR|1|MAGALLANES|250|231|-20|-28|Negativa y significativa|Negativa y significativa
2016|20171024|final20171024v1|4b|1|REGION DE TARAPACA|4|TAMARUGAL|1401|POZO ALMONTE|2|TAMARUGAL|251|243|17|20|Positiva y significativa|Positiva y significativa
2016|20171024|final20171024v1|4b|12|REGION DE MAGALLANES Y DE LA ANTГЃRTICA CHILENA|3|TIERRA DEL FUEGO|12302|PRIMAVERA|1|MAGALLANES|293|270|3|-3|No significativa|No significativa
2016|20171024|final20171024v1|4b|13|REGION METROPOLITANA DE SANTIAGO|1|SANTIAGO|13123|PROVIDENCIA|4|SANTIAGO ORIENTE|298|291|4|-1|No significativa|No significativa
2016|20171024|final20171024v1|4b|5|REGION DE VALPARAISO|1|VALPARAГЌSO|5105|PUCHUNCAVГЌ|4|VALPARAГЌSO|247|244|-8|-8|No significativa|No significativa
2016|20171024|final20171024v1|4b|9|REGION DE LA ARAUCANIA|1|CAUTГЌN|9115|PUCГ“N|2|CAUTГЌN SUR|276|262|5|8|No significativa|No significativa
2016|20171024|final20171024v1|4b|13|REGION METROPOLITANA DE SANTIAGO|1|SANTIAGO|13124|PUDAHUEL|5|SANTIAGO PONIENTE|265|266|1|3|No significativa|No significativa
2016|20171024|final20171024v1|4b|13|REGION METROPOLITANA DE SANTIAGO|2|CORDILLERA|13201|PUENTE ALTO|1|CORDILLERA|268|269|4|6|No significativa|Positiva y significativa
2016|20171024|final20171024v1|4b|10|REGION DE LOS LAGOS|1|LLANQUIHUE|10101|PUERTO MONTT|2|LLANQUIHUE|272|265|5|4|No significativa|No significativa
2016|20171024|final20171024v1|4b|10|REGION DE LOS LAGOS|3|OSORNO|10302|PUERTO OCTAY|3|OSORNO|251|243|-15|-9|Negativa y significativa|No significativa
2016|20171024|final20171024v1|4b|10|REGION DE LOS LAGOS|1|LLANQUIHUE|10109|PUERTO VARAS|2|LLANQUIHUE|278|273|7|2|Positiva y significativa|No significativa
2016|20171024|final20171024v1|4b|6|REGION DEL LIBERTADOR GRAL. BERNARDO O'HIGGINS|3|COLCHAGUA|6309|PUMANQUE|3|COLCHAGUA|297|279|17|25|Positiva y significativa|Positiva y significativa
2016|20171024|final20171024v1|4b|4|REGION DE COQUIMBO|3|LIMARГЌ|4304|PUNITAQUI|3|LIMARГЌ|259|244|-2|2|No significativa|No significativa
2016|20171024|final20171024v1|4b|12|REGION DE MAGALLANES Y DE LA ANTГЃRTICA CHILENA|1|MAGALLANES|12101|PUNTA ARENAS|1|MAGALLANES|268|260|3|0|No significativa|No significativa
2016|20171024|final20171024v1|4b|10|REGION DE LOS LAGOS|2|CHILOГ‰|10206|PUQUELDГ“N|1|CHILOГ‰|282|270|33|7|Positiva y significativa|No significativa
2016|20171024|final20171024v1|4b|10|REGION DE LOS LAGOS|3|OSORNO|10303|PURRANQUE|3|OSORNO|266|251|11|8|Positiva y significativa|No significativa
2016|20171024|final20171024v1|4b|9|REGION DE LA ARAUCANIA|2|MALLECO|9208|PURГ‰N|3|MALLECO|262|253|10|11|Positiva y significativa|Positiva y significativa
2016|20171024|final20171024v1|4b|5|REGION DE VALPARAISO|7|SAN FELIPE DE ACONCAGUA|5705|PUTAENDO|3|SAN FELIPE - LOS ANDES|248|239|-14|-5|Negativa y significativa|No significativa
2016|20171024|final20171024v1|4b|15|REGION DE ARICA Y PARINACOTA|2|PARINACOTA|15201|PUTRE|2|PARINACOTA|212|197|-33|-30|Negativa y significativa|Negativa y significativa
2016|20171024|final20171024v1|4b|10|REGION DE LOS LAGOS|3|OSORNO|10304|PUYEHUE|3|OSORNO|254|236|-3|5|No significativa|No significativa
2016|20171024|final20171024v1|4b|10|REGION DE LOS LAGOS|2|CHILOГ‰|10207|QUEILГ‰N|1|CHILOГ‰|282|258|5|5|No significativa|No significativa
2016|20171024|final20171024v1|4b|10|REGION DE LOS LAGOS|2|CHILOГ‰|10208|QUELLГ“N|1|CHILOГ‰|263|249|4|2|No significativa|No significativa
2016|20171024|final20171024v1|4b|10|REGION DE LOS LAGOS|2|CHILOГ‰|10209|QUEMCHI|1|CHILOГ‰|267|255|-16|-18|Negativa y significativa|Negativa y significativa
2016|20171024|final20171024v1|4b|8|REGION DEL BIOBIO|3|BIOBГЌO|8308|QUILACO|2|BIOBГЌO|247|241|-1|8|No significativa|No significativa
2016|20171024|final20171024v1|4b|13|REGION METROPOLITANA DE SANTIAGO|1|SANTIAGO|13125|QUILICURA|3|SANTIAGO NORTE|268|273|-3|0|No significativa|No significativa
2016|20171024|final20171024v1|4b|8|REGION DEL BIOBIO|3|BIOBГЌO|8309|QUILLECO|2|BIOBГЌO|258|256|5|19|No significativa|Positiva y significativa
2016|20171024|final20171024v1|4b|5|REGION DE VALPARAISO|5|QUILLOTA|5501|QUILLOTA|1|QUILLOTA - PETORCA|268|269|-2|3|No significativa|No significativa
2016|20171024|final20171024v1|4b|8|REGION DEL BIOBIO|4|Г‘UBLE|8413|QUILLГ“N|4|Г‘UBLE|266|271|0|6|No significativa|No significativa
2016|20171024|final20171024v1|4b|5|REGION DE VALPARAISO|8|MARGA MARGA|5801|QUILPUГ‰|4|VALPARAГЌSO|265|260|3|2|No significativa|No significativa
2016|20171024|final20171024v1|4b|10|REGION DE LOS LAGOS|2|CHILOГ‰|10210|QUINCHAO|1|CHILOГ‰|281|279|3|7|No significativa|No significativa
2016|20171024|final20171024v1|4b|6|REGION DEL LIBERTADOR GRAL. BERNARDO O'HIGGINS|1|CACHAPOAL|6114|QUINTA DE TILCOCO|1|CACHAPOAL|259|252|0|-5|No significativa|No significativa
2016|20171024|final20171024v1|4b|13|REGION METROPOLITANA DE SANTIAGO|1|SANTIAGO|13126|QUINTA NORMAL|5|SANTIAGO PONIENTE|264|258|3|0|No significativa|No significativa
2016|20171024|final20171024v1|4b|5|REGION DE VALPARAISO|1|VALPARAГЌSO|5107|QUINTERO|4|VALPARAГЌSO|257|253|2|4|No significativa|No significativa
2016|20171024|final20171024v1|4b|8|REGION DEL BIOBIO|4|Г‘UBLE|8414|QUIRIHUE|4|Г‘UBLE|268|255|6|0|No significativa|No significativa
2016|20171024|final20171024v1|4b|6|REGION DEL LIBERTADOR GRAL. BERNARDO O'HIGGINS|1|CACHAPOAL|6101|RANCAGUA|1|CACHAPOAL|270|266|4|3|No significativa|No significativa
2016|20171024|final20171024v1|4b|7|REGION DEL MAULE|3|CURICГ“|7305|RAUCO|2|CURICГ“|263|244|1|-4|No significativa|No significativa
2016|20171024|final20171024v1|4b|13|REGION METROPOLITANA DE SANTIAGO|1|SANTIAGO|13127|RECOLETA|3|SANTIAGO NORTE|262|259|0|0|No significativa|No significativa
2016|20171024|final20171024v1|4b|9|REGION DE LA ARAUCANIA|2|MALLECO|9209|RENAICO|3|MALLECO|268|255|-1|-8|No significativa|No significativa
2016|20171024|final20171024v1|4b|13|REGION METROPOLITANA DE SANTIAGO|1|SANTIAGO|13128|RENCA|5|SANTIAGO PONIENTE|262|264|1|5|No significativa|No significativa
2016|20171024|final20171024v1|4b|6|REGION DEL LIBERTADOR GRAL. BERNARDO O'HIGGINS|1|CACHAPOAL|6115|RENGO|1|CACHAPOAL|263|261|-2|2|No significativa|No significativa
2016|20171024|final20171024v1|4b|6|REGION DEL LIBERTADOR GRAL. BERNARDO O'HIGGINS|1|CACHAPOAL|6116|REQUГЌNOA|1|CACHAPOAL|258|248|4|4|No significativa|No significativa
2016|20171024|final20171024v1|4b|7|REGION DEL MAULE|4|LINARES|7405|RETIRO|3|LINARES|257|242|-6|-10|No significativa|Negativa y significativa
2016|20171024|final20171024v1|4b|5|REGION DE VALPARAISO|3|LOS ANDES|5303|RINCONADA|3|SAN FELIPE - LOS ANDES|250|261|-4|1|No significativa|No significativa
2016|20171024|final20171024v1|4b|7|REGION DEL MAULE|3|CURICГ“|7306|ROMERAL|2|CURICГ“|278|275|0|5|No significativa|No significativa
2016|20171024|final20171024v1|4b|8|REGION DEL BIOBIO|4|Г‘UBLE|8415|RГЃNQUIL|4|Г‘UBLE|256|246|-13|-11|Negativa y significativa|No significativa
2016|20171024|final20171024v1|4b|14|REGION DE LOS RIOS|2|RANCO|14204|RГЌO BUENO|1|RANCO|268|254|4|1|No significativa|No significativa
2016|20171024|final20171024v1|4b|7|REGION DEL MAULE|1|TALCA|7108|RГЌO CLARO|4|TALCA|246|250|1|8|No significativa|No significativa
2016|20171024|final20171024v1|4b|4|REGION DE COQUIMBO|3|LIMARГЌ|4305|RГЌO HURTADO|3|LIMARГЌ|275|254|19|31|Positiva y significativa|Positiva y significativa
2016|20171024|final20171024v1|4b|11|REGION DE AYSEN DEL GRAL. CARLOS IBANEZ DEL CAMPO|4|GENERAL CARRERA|11402|RГЌO IBГЃГ‘EZ|1|COYHAIQUE|252|247|7|5|No significativa|No significativa
2016|20171024|final20171024v1|4b|10|REGION DE LOS LAGOS|3|OSORNO|10305|RГЌO NEGRO|3|OSORNO|245|232|-13|-5|Negativa y significativa|No significativa
2016|20171024|final20171024v1|4b|12|REGION DE MAGALLANES Y DE LA ANTГЃRTICA CHILENA|1|MAGALLANES|12103|RГЌO VERDE|1|MAGALLANES|256|267|0|0|No significativa|No significativa
2016|20171024|final20171024v1|4b|9|REGION DE LA ARAUCANIA|1|CAUTГЌN|9116|SAAVEDRA|1|CAUTГЌN NORTE|249|223|5|2|No significativa|No significativa
2016|20171024|final20171024v1|4b|7|REGION DEL MAULE|3|CURICГ“|7307|SAGRADA FAMILIA|2|CURICГ“|253|252|-5|-1|No significativa|No significativa
2016|20171024|final20171024v1|4b|4|REGION DE COQUIMBO|2|CHOAPA|4204|SALAMANCA|1|CHOAPA|263|247|2|0|No significativa|No significativa
2016|20171024|final20171024v1|4b|5|REGION DE VALPARAISO|6|SAN ANTONIO|5601|SAN ANTONIO|2|SAN ANTONIO|265|265|-1|5|No significativa|No significativa
2016|20171024|final20171024v1|4b|13|REGION METROPOLITANA DE SANTIAGO|4|MAIPO|13401|SAN BERNARDO|6|SANTIAGO SUR|255|251|-2|0|No significativa|No significativa
2016|20171024|final20171024v1|4b|8|REGION DEL BIOBIO|4|Г‘UBLE|8416|SAN CARLOS|4|Г‘UBLE|274|273|5|2|No significativa|No significativa
2016|20171024|final20171024v1|4b|7|REGION DEL MAULE|1|TALCA|7109|SAN CLEMENTE|4|TALCA|266|262|2|7|No significativa|No significativa
2016|20171024|final20171024v1|4b|5|REGION DE VALPARAISO|3|LOS ANDES|5304|SAN ESTEBAN|3|SAN FELIPE - LOS ANDES|264|253|7|6|No significativa|No significativa
2016|20171024|final20171024v1|4b|8|REGION DEL BIOBIO|4|Г‘UBLE|8417|SAN FABIГЃN|4|Г‘UBLE|251|256|-18|-11|Negativa y significativa|Negativa y significativa
2016|20171024|final20171024v1|4b|5|REGION DE VALPARAISO|7|SAN FELIPE DE ACONCAGUA|5701|SAN FELIPE|3|SAN FELIPE - LOS ANDES|263|256|4|7|No significativa|Positiva y significativa
2016|20171024|final20171024v1|4b|6|REGION DEL LIBERTADOR GRAL. BERNARDO O'HIGGINS|3|COLCHAGUA|6301|SAN FERNANDO|3|COLCHAGUA|264|255|-2|-3|No significativa|No significativa
2016|20171024|final20171024v1|4b|12|REGION DE MAGALLANES Y DE LA ANTГЃRTICA CHILENA|1|MAGALLANES|12104|SAN GREGORIO|1|MAGALLANES|320|234|0|0|No significativa|No significativa
2016|20171024|final20171024v1|4b|8|REGION DEL BIOBIO|4|Г‘UBLE|8418|SAN IGNACIO|4|Г‘UBLE|257|251|-1|6|No significativa|No significativa
2016|20171024|final20171024v1|4b|7|REGION DEL MAULE|4|LINARES|7406|SAN JAVIER|3|LINARES|264|264|-5|-1|No significativa|No significativa
2016|20171024|final20171024v1|4b|13|REGION METROPOLITANA DE SANTIAGO|1|SANTIAGO|13129|SAN JOAQUГЌN|2|SANTIAGO CENTRO|256|245|1|-1|No significativa|No significativa
2016|20171024|final20171024v1|4b|13|REGION METROPOLITANA DE SANTIAGO|2|CORDILLERA|13203|SAN JOSГ‰ DE MAIPO|1|CORDILLERA|255|243|4|7|No significativa|No significativa
2016|20171024|final20171024v1|4b|10|REGION DE LOS LAGOS|3|OSORNO|10306|SAN JUAN DE LA COSTA|3|OSORNO|238|215|-21|-15|Negativa y significativa|Negativa y significativa
2016|20171024|final20171024v1|4b|13|REGION METROPOLITANA DE SANTIAGO|1|SANTIAGO|13130|SAN MIGUEL|2|SANTIAGO CENTRO|275|273|1|1|No significativa|No significativa
2016|20171024|final20171024v1|4b|8|REGION DEL BIOBIO|4|Г‘UBLE|8419|SAN NICOLГЃS|4|Г‘UBLE|283|285|-10|-9|Negativa y significativa|No significativa
2016|20171024|final20171024v1|4b|10|REGION DE LOS LAGOS|3|OSORNO|10307|SAN PABLO|3|OSORNO|253|233|11|2|Positiva y significativa|No significativa
2016|20171024|final20171024v1|4b|13|REGION METROPOLITANA DE SANTIAGO|5|MELIPILLA|13505|SAN PEDRO|7|TALAGANTE|275|265|8|2|No significativa|No significativa
2016|20171024|final20171024v1|4b|2|REGION DE ANTOFAGASTA|2|EL LOA|2203|SAN PEDRO DE ATACAMA|2|EL LOA|270|274|30|38|Positiva y significativa|Positiva y significativa
2016|20171024|final20171024v1|4b|8|REGION DEL BIOBIO|1|CONCEPCIГ“N|8108|SAN PEDRO DE LA PAZ|3|CONCEPCIГ“N|270|266|2|1|No significativa|No significativa
2016|20171024|final20171024v1|4b|7|REGION DEL MAULE|1|TALCA|7110|SAN RAFAEL|4|TALCA|262|252|-5|-4|No significativa|No significativa
2016|20171024|final20171024v1|4b|13|REGION METROPOLITANA DE SANTIAGO|1|SANTIAGO|13131|SAN RAMГ“N|6|SANTIAGO SUR|266|264|5|6|No significativa|No significativa
2016|20171024|final20171024v1|4b|8|REGION DEL BIOBIO|3|BIOBГЌO|8310|SAN ROSENDO|2|BIOBГЌO|239|253|-27|-4|Negativa y significativa|No significativa
2016|20171024|final20171024v1|4b|6|REGION DEL LIBERTADOR GRAL. BERNARDO O'HIGGINS|1|CACHAPOAL|6117|SAN VICENTE|1|CACHAPOAL|265|256|1|-3|No significativa|No significativa
2016|20171024|final20171024v1|4b|8|REGION DEL BIOBIO|3|BIOBГЌO|8311|SANTA BГЃRBARA|2|BIOBГЌO|259|245|0|0|No significativa|No significativa
2016|20171024|final20171024v1|4b|6|REGION DEL LIBERTADOR GRAL. BERNARDO O'HIGGINS|3|COLCHAGUA|6310|SANTA CRUZ|3|COLCHAGUA|269|266|-1|0|No significativa|No significativa
2016|20171024|final20171024v1|4b|8|REGION DEL BIOBIO|1|CONCEPCIГ“N|8109|SANTA JUANA|3|CONCEPCIГ“N|264|257|-2|-5|No significativa|No significativa
2016|20171024|final20171024v1|4b|5|REGION DE VALPARAISO|7|SAN FELIPE DE ACONCAGUA|5706|SANTA MARГЌA|3|SAN FELIPE - LOS ANDES|256|254|-2|3|No significativa|No significativa
2016|20171024|final20171024v1|4b|13|REGION METROPOLITANA DE SANTIAGO|1|SANTIAGO|13101|SANTIAGO|2|SANTIAGO CENTRO|277|271|1|1|No significativa|No significativa
2016|20171024|final20171024v1|4b|5|REGION DE VALPARAISO|6|SAN ANTONIO|5606|SANTO DOMINGO|2|SAN ANTONIO|274|265|4|1|No significativa|No significativa
2016|20171024|final20171024v1|4b|2|REGION DE ANTOFAGASTA|1|ANTOFAGASTA|2103|SIERRA GORDA|1|ANTOFAGASTA|251|243|-6|16|No significativa|No significativa
2016|20171024|final20171024v1|4b|13|REGION METROPOLITANA DE SANTIAGO|6|TALAGANTE|13601|TALAGANTE|7|TALAGANTE|268|266|-2|3|No significativa|No significativa
2016|20171024|final20171024v1|4b|7|REGION DEL MAULE|1|TALCA|7101|TALCA|4|TALCA|271|268|7|4|Positiva y significativa|No significativa
2016|20171024|final20171024v1|4b|8|REGION DEL BIOBIO|1|CONCEPCIГ“N|8110|TALCAHUANO|3|CONCEPCIГ“N|265|258|0|2|No significativa|No significativa
2016|20171024|final20171024v1|4b|2|REGION DE ANTOFAGASTA|1|ANTOFAGASTA|2104|TALTAL|1|ANTOFAGASTA|263|247|16|7|Positiva y significativa|No significativa
2016|20171024|final20171024v1|4b|9|REGION DE LA ARAUCANIA|1|CAUTГЌN|9101|TEMUCO|1|CAUTГЌN NORTE|275|269|4|2|No significativa|No significativa
2016|20171024|final20171024v1|4b|7|REGION DEL MAULE|3|CURICГ“|7308|TENO|2|CURICГ“|272|271|7|11|No significativa|Positiva y significativa
2016|20171024|final20171024v1|4b|9|REGION DE LA ARAUCANIA|1|CAUTГЌN|9117|TEODORO SCHMIDT|2|CAUTГЌN SUR|262|249|2|4|No significativa|No significativa
2016|20171024|final20171024v1|4b|3|REGION DE ATACAMA|1|COPIAPГ“|3103|TIERRA AMARILLA|1|COPIAPГ“ - CHAГ‘ARAL|242|226|6|10|No significativa|Positiva y significativa
2016|20171024|final20171024v1|4b|13|REGION METROPOLITANA DE SANTIAGO|3|CHACABUCO|13303|TIL TIL|3|SANTIAGO NORTE|254|242|-6|-8|No significativa|Negativa y significativa
2016|20171024|final20171024v1|4b|12|REGION DE MAGALLANES Y DE LA ANTГЃRTICA CHILENA|3|TIERRA DEL FUEGO|12303|TIMAUKEL|1|MAGALLANES|279|235|0|0|No significativa|No significativa
2016|20171024|final20171024v1|4b|8|REGION DEL BIOBIO|2|ARAUCO|8207|TIRГљA|1|ARAUCO|258|247|7|6|No significativa|No significativa
2016|20171024|final20171024v1|4b|2|REGION DE ANTOFAGASTA|3|TOCOPILLA|2301|TOCOPILLA|1|ANTOFAGASTA|247|236|6|12|No significativa|Positiva y significativa
2016|20171024|final20171024v1|4b|9|REGION DE LA ARAUCANIA|1|CAUTГЌN|9118|TOLTГ‰N|2|CAUTГЌN SUR|258|242|2|1|No significativa|No significativa
2016|20171024|final20171024v1|4b|8|REGION DEL BIOBIO|1|CONCEPCIГ“N|8111|TOMГ‰|3|CONCEPCIГ“N|273|265|-5|-6|No significativa|No significativa
2016|20171024|final20171024v1|4b|12|REGION DE MAGALLANES Y DE LA ANTГЃRTICA CHILENA|4|ГљLTIMA ESPERANZA|12402|TORRES DEL PAINE|1|MAGALLANES|205|170|0|0|No significativa|No significativa
2016|20171024|final20171024v1|4b|11|REGION DE AYSEN DEL GRAL. CARLOS IBANEZ DEL CAMPO|3|CAPITAN PRAT|11303|TORTEL|1|COYHAIQUE|300|282|9|-22|No significativa|No significativa
2016|20171024|final20171024v1|4b|9|REGION DE LA ARAUCANIA|2|MALLECO|9210|TRAIGUГ‰N|3|MALLECO|275|272|6|7|No significativa|No significativa
2016|20171024|final20171024v1|4b|8|REGION DEL BIOBIO|4|Г‘UBLE|8420|TREGUACO|4|Г‘UBLE|267|265|13|17|No significativa|Positiva y significativa
2016|20171024|final20171024v1|4b|8|REGION DEL BIOBIO|3|BIOBГЌO|8312|TUCAPEL|2|BIOBГЌO|260|246|2|-6|No significativa|No significativa
2016|20171024|final20171024v1|4b|14|REGION DE LOS RIOS|1|VALDIVIA|14101|VALDIVIA|2|VALDIVIA|273|266|5|6|No significativa|No significativa
2016|20171024|final20171024v1|4b|3|REGION DE ATACAMA|3|HUASCO|3301|VALLENAR|2|HUASCO|269|264|8|10|Positiva y significativa|Positiva y significativa
2016|20171024|final20171024v1|4b|5|REGION DE VALPARAISO|1|VALPARAГЌSO|5101|VALPARAГЌSO|4|VALPARAГЌSO|258|254|-1|1|No significativa|No significativa
2016|20171024|final20171024v1|4b|7|REGION DEL MAULE|3|CURICГ“|7309|VICHUQUГ‰N|2|CURICГ“|263|262|21|20|Positiva y significativa|Positiva y significativa
2016|20171024|final20171024v1|4b|9|REGION DE LA ARAUCANIA|2|MALLECO|9211|VICTORIA|3|MALLECO|262|250|0|6|No significativa|No significativa
2016|20171024|final20171024v1|4b|4|REGION DE COQUIMBO|1|ELQUI|4106|VICUГ‘A|2|ELQUI|254|248|5|-3|No significativa|No significativa
2016|20171024|final20171024v1|4b|9|REGION DE LA ARAUCANIA|1|CAUTГЌN|9119|VILCГљN|1|CAUTГЌN NORTE|261|253|-4|2|No significativa|No significativa
2016|20171024|final20171024v1|4b|7|REGION DEL MAULE|4|LINARES|7407|VILLA ALEGRE|3|LINARES|243|241|4|10|No significativa|Positiva y significativa
2016|20171024|final20171024v1|4b|5|REGION DE VALPARAISO|8|MARGA MARGA|5804|VILLA ALEMANA|4|VALPARAГЌSO|265|263|-1|1|No significativa|No significativa
2016|20171024|final20171024v1|4b|9|REGION DE LA ARAUCANIA|1|CAUTГЌN|9120|VILLARRICA|2|CAUTГЌN SUR|268|255|-1|0|No significativa|No significativa
2016|20171024|final20171024v1|4b|13|REGION METROPOLITANA DE SANTIAGO|1|SANTIAGO|13132|VITACURA|4|SANTIAGO ORIENTE|307|306|4|0|No significativa|No significativa
2016|20171024|final20171024v1|4b|5|REGION DE VALPARAISO|1|VALPARAГЌSO|5109|VIГ‘A DEL MAR|4|VALPARAГЌSO|271|266|3|4|No significativa|No significativa
2016|20171024|final20171024v1|4b|7|REGION DEL MAULE|4|LINARES|7408|YERBAS BUENAS|3|LINARES|262|264|-2|-5|No significativa|No significativa
2016|20171024|final20171024v1|4b|8|REGION DEL BIOBIO|3|BIOBГЌO|8313|YUMBEL|2|BIOBГЌO|259|257|-4|-4|No significativa|No significativa
2016|20171024|final20171024v1|4b|8|REGION DEL BIOBIO|4|Г‘UBLE|8421|YUNGAY|4|Г‘UBLE|277|264|12|7|Positiva y significativa|No significativa
2016|20171024|final20171024v1|4b|5|REGION DE VALPARAISO|4|PETORCA|5405|ZAPALLAR|1|QUILLOTA - PETORCA|256|267|-17|-8|Negativa y significativa|No significativa
2016|20171024|final20171024v1|4b|8|REGION DEL BIOBIO|4|Г‘UBLE|8409|Г‘IQUГ‰N|4|Г‘UBLE|266|258|-4|-8|No significativa|No significativa
2016|20171024|final20171024v1|4b|13|REGION METROPOLITANA DE SANTIAGO|1|SANTIAGO|13120|Г‘UГ‘OA|4|SANTIAGO ORIENTE|286|286|3|2|No significativa|No significativa
