cod_reg;nom_reg;cod_pro;nom_pro;cod_com;nom_com;cod_deprov;nom_deprov;prom_lect8b_com;prom_mate8b_com;prom_hist8b_com;dif_lect8b_com;dif_mate8b_com;dif_hist8b_com;sigdif_lect8b_com;sigdif_mate8b_com;sigdif_hist8b_com;palu_eda_ins_lect8b_com;palu_eda_ele_lect8b_com;palu_eda_ade_lect8b_com;palu_eda_ins_mate8b_com;palu_eda_ele_mate8b_com;palu_eda_ade_mate8b_com;codigo_bbdd;fecha_bbdd;grado;agno
1;Región de Tarapacá;11;Iquique;1101;Iquique;11;Iquique;235;254;245;-7;-5;-1;-1;0;0;43.9;40;16;46.5;37.2;16.3;v12025;20260423;8b;2025
1;Región de Tarapacá;11;Iquique;1107;Alto Hospicio;11;Iquique;221;245;233;-13;-6;-8;-1;0;-1;56.4;32.9;10.7;53.4;35.6;11;v12025;20260423;8b;2025
1;Región de Tarapacá;14;Tamarugal;1401;Pozo Almonte;14;Tamarugal;229;244;237;1;-6;4;0;0;0;51.4;35.2;13.4;53;37.2;9.9;v12025;20260423;8b;2025
1;Región de Tarapacá;14;Tamarugal;1402;Camińa;14;Tamarugal;210;232;236;-11;13;12;0;0;0;64.3;35.7;0;64.3;32.1;3.6;v12025;20260423;8b;2025
1;Región de Tarapacá;14;Tamarugal;1403;Colchane;14;Tamarugal;207;235;222;-28;-12;-13;-1;0;0;73.3;13.3;13.3;60;40;0;v12025;20260423;8b;2025
1;Región de Tarapacá;14;Tamarugal;1404;Huara;14;Tamarugal;218;223;234;12;6;3;0;0;0;61.8;29.4;8.8;75;19.4;5.6;v12025;20260423;8b;2025
1;Región de Tarapacá;14;Tamarugal;1405;Pica;14;Tamarugal;206;229;222;-16;-12;-7;-1;-1;0;69;26.7;4.3;67.6;31.5;0.9;v12025;20260423;8b;2025
2;Región de Antofagasta;21;Antofagasta;2101;Antofagasta;21;Antofagasta;236;254;245;-7;-5;-3;-1;0;0;43.9;38.4;17.6;44.6;39.4;16;v12025;20260423;8b;2025
2;Región de Antofagasta;21;Antofagasta;2102;Mejillones;21;Antofagasta;211;234;229;-2;-9;1;0;0;0;65.6;28.1;6.3;64.3;31;4.7;v12025;20260423;8b;2025
2;Región de Antofagasta;21;Antofagasta;2103;Sierra Gorda;21;Antofagasta;226;238;238;-17;-13;-6;-1;0;0;51.4;31.4;17.1;55.9;41.2;2.9;v12025;20260423;8b;2025
2;Región de Antofagasta;21;Antofagasta;2104;Taltal;21;Antofagasta;226;240;231;13;11;11;1;1;1;50.6;37.8;11.5;57.8;36;6.2;v12025;20260423;8b;2025
2;Región de Antofagasta;22;El Loa;2201;Calama;22;El Loa;238;253;252;-5;-7;4;0;-1;0;41.8;41.7;16.5;44.4;42.1;13.5;v12025;20260423;8b;2025
2;Región de Antofagasta;22;El Loa;2202;Ollagüe;22;El Loa;235;246;241;;;;;;;;;;;;;v12025;20260423;8b;2025
2;Región de Antofagasta;22;El Loa;2203;San Pedro de Atacama;22;El Loa;209;236;238;-5;-24;12;0;-1;1;66.9;26.4;6.6;61.5;34.4;4.1;v12025;20260423;8b;2025
2;Región de Antofagasta;23;Tocopilla;2301;Tocopilla;21;Antofagasta;220;237;229;-12;-5;-7;-1;0;0;56.4;33.6;10;61.2;31.1;7.7;v12025;20260423;8b;2025
2;Región de Antofagasta;23;Tocopilla;2302;María Elena;21;Antofagasta;238;253;251;19;5;29;1;0;1;45.5;32.5;22.1;44;42.7;13.3;v12025;20260423;8b;2025
3;Región de Atacama;31;Copiapó;3101;Copiapó;31;Copiapo - Chanaral;230;245;240;-3;-5;-4;0;0;0;49.7;34.7;15.6;52.4;36.1;11.5;v12025;20260423;8b;2025
3;Región de Atacama;31;Copiapó;3102;Caldera;31;Copiapo - Chanaral;217;233;227;-17;-13;-9;-1;-1;0;59.1;33.8;7.1;63;31;6;v12025;20260423;8b;2025
3;Región de Atacama;31;Copiapó;3103;Tierra Amarilla;31;Copiapo - Chanaral;210;226;230;-9;8;3;0;0;0;63.3;31.3;5.5;72.2;24.1;3.8;v12025;20260423;8b;2025
3;Región de Atacama;32;Chańaral;3201;Chańaral;31;Copiapo - Chanaral;221;238;236;-5;3;4;0;0;0;57.5;30.6;11.8;58.3;32.8;8.9;v12025;20260423;8b;2025
3;Región de Atacama;32;Chańaral;3202;Diego de Almagro;31;Copiapo - Chanaral;224;234;234;-7;-10;-11;0;-1;-1;54.7;37.6;7.7;64.1;31.5;4.3;v12025;20260423;8b;2025
3;Región de Atacama;33;Huasco;3301;Vallenar;32;Huasco - Vallenar;240;257;247;-1;0;0;0;0;0;40.9;40.8;18.3;42.5;41.7;15.8;v12025;20260423;8b;2025
3;Región de Atacama;33;Huasco;3302;Alto del Carmen;32;Huasco - Vallenar;209;227;224;-22;-3;-10;-1;0;0;64.9;29.8;5.3;68.3;28.3;3.3;v12025;20260423;8b;2025
3;Región de Atacama;33;Huasco;3303;Freirina;32;Huasco - Vallenar;221;239;230;-4;16;2;0;1;0;56.6;37.3;6;53.1;43.2;3.7;v12025;20260423;8b;2025
3;Región de Atacama;33;Huasco;3304;Huasco;32;Huasco - Vallenar;218;229;224;-12;-5;-12;-1;0;-1;56.4;36.2;7.4;64;32.7;3.3;v12025;20260423;8b;2025
4;Región de Coquimbo;41;Elqui;4101;La Serena;41;Elqui;243;261;256;-3;-7;-2;0;-1;0;38.4;40;21.5;39.4;40.6;20.1;v12025;20260423;8b;2025
4;Región de Coquimbo;41;Elqui;4102;Coquimbo;41;Elqui;231;250;246;-10;-9;-4;-1;-1;0;47.8;37.2;15;48.3;38.3;13.4;v12025;20260423;8b;2025
4;Región de Coquimbo;41;Elqui;4103;Andacollo;41;Elqui;250;259;265;13;8;16;1;0;1;32;52.3;15.6;36.2;50.4;13.4;v12025;20260423;8b;2025
4;Región de Coquimbo;41;Elqui;4104;La Higuera;41;Elqui;210;226;217;-26;-12;-19;-1;0;-1;62.1;27.6;10.3;74.6;22;3.4;v12025;20260423;8b;2025
4;Región de Coquimbo;41;Elqui;4105;Paihuano;41;Elqui;216;221;227;-16;-20;-15;-1;-1;-1;63.5;26.9;9.6;73.6;26.4;0;v12025;20260423;8b;2025
4;Región de Coquimbo;41;Elqui;4106;Vicuńa;41;Elqui;229;242;247;-4;-7;6;0;0;0;48.8;35.8;15.4;55.2;36.5;8.3;v12025;20260423;8b;2025
4;Región de Coquimbo;43;Limarí;4303;Monte Patria;42;Limari;228;245;244;-3;-8;5;0;-1;0;51.4;35.8;12.7;50.2;39.8;10;v12025;20260423;8b;2025
4;Región de Coquimbo;43;Limarí;4304;Punitaqui;42;Limari;231;251;249;0;-2;7;0;0;0;45.3;34.5;20.3;51;33.8;15.2;v12025;20260423;8b;2025
4;Región de Coquimbo;43;Limarí;4305;Río Hurtado;42;Limari;226;235;239;-12;-6;-4;0;0;0;52.1;39.6;8.3;66.7;25;8.3;v12025;20260423;8b;2025
4;Región de Coquimbo;42;Choapa;4201;Illapel;43;Choapa;225;239;237;-10;-9;-5;-1;-1;0;53.3;33.6;13.1;60.8;31.3;7.9;v12025;20260423;8b;2025
4;Región de Coquimbo;42;Choapa;4202;Canela;43;Choapa;237;253;247;0;8;10;0;0;0;41.5;39;19.5;46.5;40.7;12.8;v12025;20260423;8b;2025
4;Región de Coquimbo;42;Choapa;4203;Los Vilos;43;Choapa;228;242;241;2;-5;8;0;0;0;52;33.2;14.8;56.7;34;9.3;v12025;20260423;8b;2025
4;Región de Coquimbo;42;Choapa;4204;Salamanca;43;Choapa;227;238;235;-5;-6;-6;0;0;0;50.4;38.7;10.9;62.3;29.5;8.1;v12025;20260423;8b;2025
4;Región de Coquimbo;43;Limarí;4301;Ovalle;42;Limari;238;255;248;-6;-4;-6;0;0;0;43.1;38.1;18.8;43.3;41;15.7;v12025;20260423;8b;2025
4;Región de Coquimbo;43;Limarí;4302;Combarbalá;42;Limari;240;250;247;2;10;3;0;1;0;38.4;41.3;20.3;44.3;45;10.7;v12025;20260423;8b;2025
5;Región de Valparaíso;51;Valparaíso;5101;Valparaíso;53;Valparaiso - Isla;229;251;243;-4;-6;-2;0;-1;0;50.1;34.6;15.3;47.7;38.3;13.9;v12025;20260423;8b;2025
5;Región de Valparaíso;51;Valparaíso;5102;Casablanca;53;Valparaiso - Isla;228;250;246;-7;-8;2;0;0;0;49.6;38.4;12;46.5;42.2;11.3;v12025;20260423;8b;2025
5;Región de Valparaíso;51;Valparaíso;5103;Concón;53;Valparaiso - Isla;247;268;265;-5;-10;-1;0;-1;0;33.6;42;24.4;34.2;40.7;25.1;v12025;20260423;8b;2025
5;Región de Valparaíso;51;Valparaíso;5104;Juan Fernández;53;Valparaiso - Isla;225;228;253;-3;-44;-12;0;-1;0;58.3;33.3;8.3;75;25;0;v12025;20260423;8b;2025
5;Región de Valparaíso;51;Valparaíso;5105;Puchuncaví;53;Valparaiso - Isla;228;243;237;-9;-3;-5;-1;0;0;51.7;35.8;12.5;49.3;42.4;8.3;v12025;20260423;8b;2025
5;Región de Valparaíso;51;Valparaíso;5107;Quintero;53;Valparaiso - Isla;227;246;235;-9;-9;-4;-1;-1;0;50.1;37.1;12.8;52.7;36.5;10.7;v12025;20260423;8b;2025
5;Región de Valparaíso;58;Marga Marga;5803;Olmué;51;Quillota - Petorca;213;225;224;-16;-14;-3;-1;-1;0;65.9;26.8;7.3;71.2;27;1.8;v12025;20260423;8b;2025
5;Región de Valparaíso;58;Marga Marga;5804;Villa Alemana;53;Valparaiso - Isla;232;259;246;-9;-8;-4;-1;-1;0;46.3;37.7;16;39.6;43.5;16.9;v12025;20260423;8b;2025
5;Región de Valparaíso;57;San Felipe;5703;Llaillay;52;San Felipe - Los A;222;242;233;-12;-7;-10;-1;0;-1;54.7;33.6;11.7;57.9;34.7;7.4;v12025;20260423;8b;2025
5;Región de Valparaíso;57;San Felipe;5704;Panquehue;52;San Felipe - Los A;249;274;256;14;22;4;1;1;0;33.3;38.6;28.1;28.6;41.2;30.3;v12025;20260423;8b;2025
5;Región de Valparaíso;57;San Felipe;5705;Putaendo;52;San Felipe - Los A;230;237;238;-4;-12;-5;0;-1;0;50.6;35.2;14.2;59.1;37.2;3.7;v12025;20260423;8b;2025
5;Región de Valparaíso;57;San Felipe;5706;Santa María;52;San Felipe - Los A;228;239;243;6;2;7;0;0;0;51.2;36.6;12.2;57.9;33.5;8.5;v12025;20260423;8b;2025
5;Región de Valparaíso;58;Marga Marga;5801;Quilpué;53;Valparaiso - Isla;234;254;247;-3;-6;-2;0;0;0;44.4;39.2;16.4;44.5;40.7;14.8;v12025;20260423;8b;2025
5;Región de Valparaíso;58;Marga Marga;5802;Limache;51;Quillota - Petorca;226;247;240;-10;-7;0;-1;0;0;50.5;36.9;12.5;48.2;42.5;9.2;v12025;20260423;8b;2025
5;Región de Valparaíso;56;San Antonio;5603;Cartagena;54;San Antonio;223;236;236;-2;-9;7;0;-1;0;52.8;37.2;10.1;62.5;30.2;7.4;v12025;20260423;8b;2025
5;Región de Valparaíso;56;San Antonio;5604;El Quisco;54;San Antonio;240;249;250;-2;-1;5;0;0;0;41;42.1;16.9;45.9;41.2;12.9;v12025;20260423;8b;2025
5;Región de Valparaíso;56;San Antonio;5605;El Tabo;54;San Antonio;209;223;225;-5;-2;3;0;0;0;67;26.1;7;74.5;24.5;0.9;v12025;20260423;8b;2025
5;Región de Valparaíso;56;San Antonio;5606;Santo Domingo;54;San Antonio;243;261;251;7;5;2;0;0;0;39.8;40.3;19.9;42.1;39.5;18.5;v12025;20260423;8b;2025
5;Región de Valparaíso;57;San Felipe;5701;San Felipe;52;San Felipe - Los A;241;259;254;-4;-4;-2;0;0;0;38.3;42.1;19.6;41.2;40.3;18.5;v12025;20260423;8b;2025
5;Región de Valparaíso;57;San Felipe;5702;Catemu;52;San Felipe - Los A;228;256;240;-10;1;-5;-1;0;0;51.7;34.5;13.8;49;36.2;14.8;v12025;20260423;8b;2025
5;Región de Valparaíso;55;Quillota;5502;La Calera;51;Quillota - Petorca;231;249;238;-9;-14;-7;-1;-1;-1;48.4;37.2;14.4;48.6;37.8;13.6;v12025;20260423;8b;2025
5;Región de Valparaíso;55;Quillota;5503;Hijuelas;51;Quillota - Petorca;222;232;230;-2;-7;-4;0;0;0;57;34.2;8.8;64;30.2;5.8;v12025;20260423;8b;2025
5;Región de Valparaíso;55;Quillota;5504;La Cruz;51;Quillota - Petorca;220;236;235;0;2;3;0;0;0;57.4;30.4;12.2;61.6;31.3;7.1;v12025;20260423;8b;2025
5;Región de Valparaíso;55;Quillota;5506;Nogales;51;Quillota - Petorca;232;239;239;-5;-12;0;0;-1;0;46.2;38.9;15;54.9;37.4;7.7;v12025;20260423;8b;2025
5;Región de Valparaíso;56;San Antonio;5601;San Antonio;54;San Antonio;228;246;239;-9;-8;-4;-1;-1;0;49.9;36;14.1;51.1;37.8;11.1;v12025;20260423;8b;2025
5;Región de Valparaíso;56;San Antonio;5602;Algarrobo;54;San Antonio;237;247;247;0;5;6;0;0;0;42.8;39.9;17.3;48.6;40.8;10.6;v12025;20260423;8b;2025
5;Región de Valparaíso;54;Petorca;5401;La Ligua;51;Quillota - Petorca;236;255;252;7;9;14;0;1;1;42.8;39.8;17.3;43.2;41.7;15.1;v12025;20260423;8b;2025
5;Región de Valparaíso;54;Petorca;5402;Cabildo;51;Quillota - Petorca;231;249;244;-6;0;-3;0;0;0;48.4;36.7;14.9;49.6;37.9;12.5;v12025;20260423;8b;2025
5;Región de Valparaíso;54;Petorca;5403;Papudo;51;Quillota - Petorca;189;225;210;-28;-16;-24;-1;-1;-1;80.9;16.2;2.9;75;22.2;2.8;v12025;20260423;8b;2025
5;Región de Valparaíso;54;Petorca;5404;Petorca;51;Quillota - Petorca;241;248;248;-6;-9;-1;0;0;0;39.1;39.8;21.1;48.9;42.1;9;v12025;20260423;8b;2025
5;Región de Valparaíso;54;Petorca;5405;Zapallar;51;Quillota - Petorca;249;269;259;8;-4;5;0;0;0;34.1;40;25.9;28.4;49.3;22.4;v12025;20260423;8b;2025
5;Región de Valparaíso;55;Quillota;5501;Quillota;51;Quillota - Petorca;240;261;253;-7;-10;1;-1;-1;0;39.5;40.7;19.8;37.2;44.7;18.1;v12025;20260423;8b;2025
5;Región de Valparaíso;51;Valparaíso;5109;Vińa del Mar;53;Valparaiso - Isla;240;262;252;-4;-6;-2;0;-1;0;40;39.1;20.8;38.5;40.6;20.9;v12025;20260423;8b;2025
5;Región de Valparaíso;52;Isla de Pas;5201;Isla de Pascua;53;Valparaiso - Isla;231;251;237;18;13;12;1;1;1;46.5;38.4;15.1;48.2;37.3;14.5;v12025;20260423;8b;2025
5;Región de Valparaíso;53;Los Andes;5301;Los Andes;52;San Felipe - Los A;234;258;250;-4;1;4;0;0;0;46.3;37.1;16.6;40.8;42;17.2;v12025;20260423;8b;2025
5;Región de Valparaíso;53;Los Andes;5302;Calle Larga;52;San Felipe - Los A;230;253;248;8;7;12;0;0;1;49.4;34.1;16.5;44.8;41.1;14.1;v12025;20260423;8b;2025
5;Región de Valparaíso;53;Los Andes;5303;Rinconada;52;San Felipe - Los A;223;243;241;-10;-9;-1;0;0;0;58;32;10;53.5;41.4;5.1;v12025;20260423;8b;2025
5;Región de Valparaíso;53;Los Andes;5304;San Esteban;52;San Felipe - Los A;216;229;231;-14;-10;-4;-1;0;0;59.2;37.3;3.5;68.6;28.6;2.9;v12025;20260423;8b;2025
6;Región del Libertador;61;Cachapoal;6101;Rancagua;61;Cachapoal;242;261;253;-2;-4;-1;0;0;0;39.9;39.3;20.8;39.4;40.5;20;v12025;20260423;8b;2025
6;Región del Libertador;61;Cachapoal;6102;Codegua;61;Cachapoal;220;237;226;8;6;-3;0;0;0;58.9;30.6;10.5;61.8;31.7;6.5;v12025;20260423;8b;2025
6;Región del Libertador;61;Cachapoal;6103;Coinco;61;Cachapoal;236;256;245;-4;5;-3;0;0;0;41.8;41.8;16.5;37.3;54.7;8;v12025;20260423;8b;2025
6;Región del Libertador;61;Cachapoal;6104;Coltauco;61;Cachapoal;231;255;247;-5;5;3;0;0;0;47.3;37.7;15;46.2;39.4;14.5;v12025;20260423;8b;2025
6;Región del Libertador;61;Cachapoal;6105;Dońihue;61;Cachapoal;236;251;256;-1;-17;8;0;-1;0;44.9;38.8;16.3;50.2;32.2;17.6;v12025;20260423;8b;2025
6;Región del Libertador;61;Cachapoal;6106;Graneros;61;Cachapoal;229;242;238;8;6;2;1;0;0;49.2;38.3;12.5;54.2;39.6;6.2;v12025;20260423;8b;2025
6;Región del Libertador;63;Colchagua;6308;Placilla;62;Colchagua;227;250;236;-7;-5;-12;0;0;0;50;36.3;13.8;46.3;41.3;12.5;v12025;20260423;8b;2025
6;Región del Libertador;63;Colchagua;6309;Pumanque;62;Colchagua;216;233;227;-23;-20;-16;-1;-1;0;66.7;30;3.3;70;26.7;3.3;v12025;20260423;8b;2025
6;Región del Libertador;63;Colchagua;6310;Santa Cruz;62;Colchagua;245;272;258;-9;-7;-5;-1;0;0;38.5;38;23.5;32.3;38.5;29.1;v12025;20260423;8b;2025
6;Región del Libertador;63;Colchagua;6302;Chépica;62;Colchagua;242;263;260;17;22;20;1;1;1;40.2;36.2;23.6;37;42.5;20.5;v12025;20260423;8b;2025
6;Región del Libertador;63;Colchagua;6303;Chimbarongo;62;Colchagua;228;251;240;-12;-6;-8;-1;0;0;48.9;37;14.1;48.8;37.1;14.2;v12025;20260423;8b;2025
6;Región del Libertador;63;Colchagua;6304;Lolol;62;Colchagua;226;246;225;12;9;0;1;0;0;50;35.9;14.1;49.2;39.7;11.1;v12025;20260423;8b;2025
6;Región del Libertador;63;Colchagua;6305;Nancagua;62;Colchagua;238;253;248;1;-1;5;0;0;0;40.5;41.4;18.1;46.9;36.8;16.2;v12025;20260423;8b;2025
6;Región del Libertador;63;Colchagua;6306;Palmilla;62;Colchagua;238;247;248;10;13;10;1;1;0;40.9;46.2;12.9;51.6;37.9;10.5;v12025;20260423;8b;2025
6;Región del Libertador;63;Colchagua;6307;Peralillo;62;Colchagua;230;240;244;-15;-21;-1;-1;-1;0;40.8;49.5;9.7;57.7;37.5;4.8;v12025;20260423;8b;2025
6;Región del Libertador;62;Cardenal Ca;6202;La Estrella;63;Cardenal Caro;227;243;236;-5;-11;-15;0;0;0;47.4;39.5;13.2;55.3;31.6;13.2;v12025;20260423;8b;2025
6;Región del Libertador;62;Cardenal Ca;6203;Litueche;63;Cardenal Caro;214;245;225;-8;7;-9;0;0;0;62.1;29.1;8.7;50;39.8;10.2;v12025;20260423;8b;2025
6;Región del Libertador;62;Cardenal Ca;6204;Marchihue;63;Cardenal Caro;223;238;228;-13;-17;-15;-1;-1;-1;56.8;27.2;16;57;36;7;v12025;20260423;8b;2025
6;Región del Libertador;62;Cardenal Ca;6205;Navidad;63;Cardenal Caro;237;245;239;30;14;12;1;1;0;44.9;31.5;23.6;51.7;36;12.4;v12025;20260423;8b;2025
6;Región del Libertador;62;Cardenal Ca;6206;Paredones;63;Cardenal Caro;239;250;242;16;16;10;1;1;0;40.8;45.1;14.1;48.6;41.4;10;v12025;20260423;8b;2025
6;Región del Libertador;63;Colchagua;6301;San Fernando;62;Colchagua;237;252;247;-8;-7;-6;-1;-1;0;43.4;38.2;18.5;45.7;39.5;14.9;v12025;20260423;8b;2025
6;Región del Libertador;61;Cachapoal;6113;Pichidegua;61;Cachapoal;223;248;241;-1;6;2;0;0;0;55.6;34.8;9.6;48.6;41.9;9.5;v12025;20260423;8b;2025
6;Región del Libertador;61;Cachapoal;6114;Quinta de Tilcoco;61;Cachapoal;229;243;241;-10;-15;-15;-1;-1;-1;52.5;30.2;17.3;53.6;37.6;8.8;v12025;20260423;8b;2025
6;Región del Libertador;61;Cachapoal;6115;Rengo;61;Cachapoal;230;253;243;-12;-8;-7;-1;-1;0;48.1;38.2;13.6;45.1;39.5;15.4;v12025;20260423;8b;2025
6;Región del Libertador;61;Cachapoal;6116;Requínoa;61;Cachapoal;232;241;241;8;3;6;1;0;0;44.6;39.8;15.7;57.6;33.1;9.3;v12025;20260423;8b;2025
6;Región del Libertador;61;Cachapoal;6117;San Vicente;61;Cachapoal;237;255;250;-6;-8;-6;0;-1;0;42.2;40.5;17.3;44.1;41.1;14.9;v12025;20260423;8b;2025
6;Región del Libertador;62;Cardenal Ca;6201;Pichilemu;63;Cardenal Caro;235;249;250;-4;-11;5;0;-1;0;41.1;45.7;13.2;47.5;41;11.5;v12025;20260423;8b;2025
6;Región del Libertador;61;Cachapoal;6107;Las Cabras;61;Cachapoal;226;243;240;-2;1;2;0;0;0;51.5;35.1;13.4;55.2;35.1;9.8;v12025;20260423;8b;2025
6;Región del Libertador;61;Cachapoal;6108;Machalí;61;Cachapoal;253;281;264;3;0;-7;0;0;0;32.4;37.5;30.2;26.7;36.5;36.8;v12025;20260423;8b;2025
6;Región del Libertador;61;Cachapoal;6109;Malloa;61;Cachapoal;225;244;248;-16;-11;-4;-1;-1;0;57.4;28.7;13.9;50.9;40.7;8.3;v12025;20260423;8b;2025
6;Región del Libertador;61;Cachapoal;6110;Mostazal;61;Cachapoal;220;239;228;-1;4;-1;0;0;0;55.1;35.9;9;57.5;36.5;6;v12025;20260423;8b;2025
6;Región del Libertador;61;Cachapoal;6111;Olivar;61;Cachapoal;234;250;247;0;1;6;0;0;0;45.2;42.2;12.7;49.1;39.4;11.5;v12025;20260423;8b;2025
6;Región del Libertador;61;Cachapoal;6112;Peumo;61;Cachapoal;241;255;251;2;7;4;0;0;0;40.6;40.6;18.8;47;34.9;18.1;v12025;20260423;8b;2025
7;Región del Maule;71;Talca;7101;Talca;72;Talca;245;265;259;3;-1;6;0;0;0;35.9;40.7;23.4;36.2;40.6;23.1;v12025;20260423;8b;2025
7;Región del Maule;71;Talca;7102;Constitución;72;Talca;247;266;259;-2;-19;-4;0;-1;0;34.6;42.8;22.7;36.1;43.6;20.3;v12025;20260423;8b;2025
7;Región del Maule;71;Talca;7103;Curepto;72;Talca;248;269;263;-2;-8;6;0;0;0;34.2;39.5;26.3;33.8;40.3;26;v12025;20260423;8b;2025
7;Región del Maule;71;Talca;7104;Empedrado;72;Talca;230;238;241;-12;-22;-10;0;-1;0;46.7;42.2;11.1;51;41.2;7.8;v12025;20260423;8b;2025
7;Región del Maule;71;Talca;7105;Maule;72;Talca;243;274;255;-4;8;-1;0;1;0;38.5;43.2;18.2;30.8;40.2;29;v12025;20260423;8b;2025
7;Región del Maule;71;Talca;7106;Pelarco;72;Talca;224;237;232;13;-4;-6;1;0;0;51.8;41;7.2;56.3;40.2;3.4;v12025;20260423;8b;2025
7;Región del Maule;74;Linares;7403;Longaví;73;Linares;230;245;245;-5;-13;-2;0;-1;0;49.5;37;13.5;50;40.3;9.7;v12025;20260423;8b;2025
7;Región del Maule;74;Linares;7404;Parral;73;Linares;248;272;260;6;7;12;0;0;1;34.8;39.4;25.8;32.5;39.6;27.9;v12025;20260423;8b;2025
7;Región del Maule;74;Linares;7405;Retiro;73;Linares;231;250;245;-4;5;2;0;0;0;48.2;34.8;17;48.6;36.9;14.5;v12025;20260423;8b;2025
7;Región del Maule;74;Linares;7406;San Javier;73;Linares;238;259;253;-11;-9;-6;-1;-1;0;40.2;41.1;18.6;41.8;38.3;19.9;v12025;20260423;8b;2025
7;Región del Maule;74;Linares;7407;Villa Alegre;73;Linares;213;232;223;-3;3;-2;0;0;0;63.6;29.2;7.1;62.3;35.8;2;v12025;20260423;8b;2025
7;Región del Maule;74;Linares;7408;Yerbas Buenas;73;Linares;230;252;234;2;-7;4;0;0;0;49.2;34.1;16.7;47.2;39.2;13.6;v12025;20260423;8b;2025
7;Región del Maule;73;Curicó;7306;Romeral;71;Curico;232;250;247;-6;-8;-3;0;0;0;48.4;37.6;14;54.1;28.7;17.2;v12025;20260423;8b;2025
7;Región del Maule;73;Curicó;7307;Sagrada Familia;71;Curico;231;252;244;-1;1;2;0;0;0;47;43.9;9.1;43.1;44.9;12;v12025;20260423;8b;2025
7;Región del Maule;73;Curicó;7308;Teno;71;Curico;241;262;253;-2;-4;-1;0;0;0;39.4;41.2;19.4;40.8;36.5;22.7;v12025;20260423;8b;2025
7;Región del Maule;73;Curicó;7309;Vichuquén;71;Curico;234;276;225;5;28;-16;0;1;-1;41.9;44.2;14;26.2;40.5;33.3;v12025;20260423;8b;2025
7;Región del Maule;74;Linares;7401;Linares;73;Linares;241;260;252;-10;-9;-8;-1;-1;-1;39.7;41.1;19.2;38.7;41.2;20.1;v12025;20260423;8b;2025
7;Región del Maule;74;Linares;7402;Colbún;73;Linares;224;246;231;-10;2;-11;-1;0;-1;51.7;36.6;11.6;51.1;39.9;9;v12025;20260423;8b;2025
7;Región del Maule;72;Cauquenes;7203;Pelluhue;74;Cauquenes;223;240;233;5;4;-1;0;0;0;56.9;36.7;6.4;55;39.4;5.5;v12025;20260423;8b;2025
7;Región del Maule;73;Curicó;7301;Curicó;71;Curico;249;272;260;-5;0;-3;0;0;0;33.3;41.7;25;31.4;40.9;27.6;v12025;20260423;8b;2025
7;Región del Maule;73;Curicó;7302;Hualańé;71;Curico;244;268;263;-7;-10;9;0;-1;0;34;43.4;22.6;27.5;55.9;16.7;v12025;20260423;8b;2025
7;Región del Maule;73;Curicó;7303;Licantén;71;Curico;235;261;246;-6;-10;-2;0;0;0;48.2;36.1;15.7;32.9;55.3;11.8;v12025;20260423;8b;2025
7;Región del Maule;73;Curicó;7304;Molina;71;Curico;230;249;241;-5;2;-3;0;0;0;47.8;39.2;12.9;49.2;41.2;9.6;v12025;20260423;8b;2025
7;Región del Maule;73;Curicó;7305;Rauco;71;Curico;248;267;257;8;14;9;0;1;0;25;64.3;10.7;28.1;54.4;17.5;v12025;20260423;8b;2025
7;Región del Maule;71;Talca;7107;Pencahue;72;Talca;215;236;210;-4;-4;-21;0;0;-1;66;26.4;7.5;56.6;37.7;5.7;v12025;20260423;8b;2025
7;Región del Maule;71;Talca;7108;Río Claro;72;Talca;216;238;224;-6;-15;-10;0;-1;0;58.2;32.2;9.6;60;35.9;4.1;v12025;20260423;8b;2025
7;Región del Maule;71;Talca;7109;San Clemente;72;Talca;224;248;236;-8;-1;-3;-1;0;0;52.5;34.8;12.7;49.9;40.4;9.7;v12025;20260423;8b;2025
7;Región del Maule;71;Talca;7110;San Rafael;72;Talca;229;259;244;-4;8;2;0;0;0;53.6;30.4;16.1;35.7;47;17.4;v12025;20260423;8b;2025
7;Región del Maule;72;Cauquenes;7201;Cauquenes;74;Cauquenes;234;255;246;-10;-4;-8;-1;0;0;45.1;38.2;16.7;42.3;42.9;14.8;v12025;20260423;8b;2025
7;Región del Maule;72;Cauquenes;7202;Chanco;74;Cauquenes;234;249;244;8;12;10;0;1;0;45.7;42;12.3;50.6;37;12.3;v12025;20260423;8b;2025
8;Región del Biobío;81;Concepción;8101;Concepción;83;Concepcion;245;269;257;-6;-9;-4;0;-1;0;36.4;40.6;23;31.1;44.7;24.2;v12025;20260423;8b;2025
8;Región del Biobío;81;Concepción;8102;Coronel;83;Concepcion;229;250;242;-5;-1;2;0;0;0;47.6;39.2;13.2;46.3;40.8;12.9;v12025;20260423;8b;2025
8;Región del Biobío;81;Concepción;8103;Chiguayante;83;Concepcion;240;264;253;-7;-10;-4;0;-1;0;41.1;38;20.9;37.1;40.7;22.2;v12025;20260423;8b;2025
8;Región del Biobío;81;Concepción;8104;Florida;83;Concepcion;228;246;239;-2;7;5;0;0;0;51;33.7;15.4;52.4;35.9;11.7;v12025;20260423;8b;2025
8;Región del Biobío;81;Concepción;8105;Hualqui;83;Concepcion;223;245;230;-7;-3;-3;0;0;0;54.2;35.1;10.7;53.5;36.6;9.9;v12025;20260423;8b;2025
8;Región del Biobío;81;Concepción;8106;Lota;83;Concepcion;227;241;235;-8;-12;-5;-1;-1;0;50.1;36.8;13.1;55.8;36;8.2;v12025;20260423;8b;2025
8;Región del Biobío;83;Biobío;8312;Tucapel;82;Bio Bio;230;240;231;8;2;-4;0;0;0;46.7;41.4;11.8;62.4;25.5;12.1;v12025;20260423;8b;2025
8;Región del Biobío;83;Biobío;8313;Yumbel;82;Bio Bio;239;251;247;-2;-5;1;0;0;0;42.3;41.9;15.8;43.2;45.6;11.2;v12025;20260423;8b;2025
8;Región del Biobío;83;Biobío;8314;Alto Biobío;82;Bio Bio;204;212;223;-11;3;-7;0;0;0;67.6;29.6;2.8;80;20;0;v12025;20260423;8b;2025
8;Región del Biobío;83;Biobío;8306;Nacimiento;82;Bio Bio;236;249;241;-5;-14;-10;0;-1;-1;44.1;40.4;15.5;47.2;44.6;8.1;v12025;20260423;8b;2025
8;Región del Biobío;83;Biobío;8307;Negrete;82;Bio Bio;225;240;232;-10;-17;1;-1;-1;0;52.3;40.2;7.5;55.7;41.5;2.8;v12025;20260423;8b;2025
8;Región del Biobío;83;Biobío;8308;Quilaco;82;Bio Bio;216;208;212;-10;-19;-22;0;-1;-1;54.3;41.3;4.3;88.9;11.1;0;v12025;20260423;8b;2025
8;Región del Biobío;83;Biobío;8309;Quilleco;82;Bio Bio;213;228;228;-13;0;4;-1;0;0;66.1;22;11.9;70.7;27.6;1.7;v12025;20260423;8b;2025
8;Región del Biobío;83;Biobío;8310;San Rosendo;82;Bio Bio;244;260;261;17;21;31;0;1;1;39.1;34.8;26.1;38.1;47.6;14.3;v12025;20260423;8b;2025
8;Región del Biobío;83;Biobío;8311;Santa Bárbara;82;Bio Bio;230;244;242;0;8;12;0;0;1;49.7;35.6;14.7;54.8;35.1;10.1;v12025;20260423;8b;2025
8;Región del Biobío;82;Arauco;8207;Tirúa;84;Arauco;226;241;239;9;14;10;0;1;0;52;42.4;5.6;53.7;41;5.2;v12025;20260423;8b;2025
8;Región del Biobío;83;Biobío;8301;Los Ángeles;82;Bio Bio;239;261;251;-4;-3;0;0;0;0;40.4;40.1;19.5;39.4;42.2;18.4;v12025;20260423;8b;2025
8;Región del Biobío;83;Biobío;8302;Antuco;82;Bio Bio;241;240;254;5;0;19;0;0;1;29.5;50;20.5;60;33.3;6.7;v12025;20260423;8b;2025
8;Región del Biobío;83;Biobío;8303;Cabrero;82;Bio Bio;237;254;250;2;-2;6;0;0;0;41.8;41.5;16.7;44.4;40.5;15.1;v12025;20260423;8b;2025
8;Región del Biobío;83;Biobío;8304;Laja;82;Bio Bio;229;253;238;-17;-23;-16;-1;-1;-1;47.1;38.1;14.8;42.8;45;12.2;v12025;20260423;8b;2025
8;Región del Biobío;83;Biobío;8305;Mulchén;82;Bio Bio;223;241;235;-14;-9;-3;-1;-1;0;54.2;37.2;8.7;57.2;36.8;6;v12025;20260423;8b;2025
8;Región del Biobío;82;Arauco;8201;Lebu;84;Arauco;234;244;239;-9;-13;-7;-1;-1;0;44.6;38.9;16.5;54.5;33.7;11.8;v12025;20260423;8b;2025
8;Región del Biobío;82;Arauco;8202;Arauco;84;Arauco;237;254;247;-6;-6;-1;0;0;0;42.2;37.4;20.4;46.2;36.3;17.5;v12025;20260423;8b;2025
8;Región del Biobío;82;Arauco;8203;Cańete;84;Arauco;241;259;246;-5;-7;-4;0;0;0;43.6;36.9;19.5;39.7;42.5;17.8;v12025;20260423;8b;2025
8;Región del Biobío;82;Arauco;8204;Contulmo;84;Arauco;246;250;247;9;13;0;0;1;0;33.3;45.5;21.2;47.7;43.1;9.2;v12025;20260423;8b;2025
8;Región del Biobío;82;Arauco;8205;Curanilahue;84;Arauco;243;265;246;5;2;1;0;0;0;38.8;39.5;21.7;33.6;44.2;22.2;v12025;20260423;8b;2025
8;Región del Biobío;82;Arauco;8206;Los Álamos;84;Arauco;224;240;239;-4;3;-2;0;0;0;55.2;31.3;13.5;54.8;36.4;8.7;v12025;20260423;8b;2025
8;Región del Biobío;81;Concepción;8107;Penco;83;Concepcion;243;260;253;4;0;8;0;0;0;35.6;43;21.4;40.4;42.5;17.1;v12025;20260423;8b;2025
8;Región del Biobío;81;Concepción;8108;San Pedro de la Paz;83;Concepcion;247;273;256;0;-2;0;0;0;0;35.6;39.8;24.6;30.4;40.1;29.5;v12025;20260423;8b;2025
8;Región del Biobío;81;Concepción;8109;Santa Juana;83;Concepcion;236;260;249;-9;3;-2;0;0;0;41;44.1;14.9;42.3;39.7;18;v12025;20260423;8b;2025
8;Región del Biobío;81;Concepción;8110;Talcahuano;83;Concepcion;240;258;247;-5;-3;-2;0;0;0;40.7;40.8;18.5;41.1;43;15.9;v12025;20260423;8b;2025
8;Región del Biobío;81;Concepción;8111;Tomé;83;Concepcion;238;253;245;-6;-9;-8;0;-1;-1;42;40.8;17.2;44.1;42;13.9;v12025;20260423;8b;2025
8;Región del Biobío;81;Concepción;8112;Hualpén;83;Concepcion;242;262;255;5;4;7;0;0;1;36.8;43.9;19.3;37.3;44.9;17.8;v12025;20260423;8b;2025
9;Región de La Araucaní;91;Cautín;9101;Temuco;92;Cautin Norte;242;263;254;-3;-5;-2;0;0;0;38.4;40.3;21.4;38.1;40;21.9;v12025;20260423;8b;2025
9;Región de La Araucaní;91;Cautín;9102;Carahue;92;Cautin Norte;224;241;235;-9;-2;-7;-1;0;0;48.5;43.2;8.3;55.9;36.6;7.6;v12025;20260423;8b;2025
9;Región de La Araucaní;91;Cautín;9103;Cunco;92;Cautin Norte;233;250;242;-4;8;0;0;0;0;45.8;39.4;14.8;43.6;48.8;7.6;v12025;20260423;8b;2025
9;Región de La Araucaní;91;Cautín;9104;Curarrehue;93;Cautin Sur;227;240;237;-7;6;-3;0;0;0;53.3;34.8;12;58.7;31.5;9.8;v12025;20260423;8b;2025
9;Región de La Araucaní;91;Cautín;9105;Freire;93;Cautin Sur;226;240;236;-8;2;-3;-1;0;0;52.9;36;11.2;58.2;33.5;8.4;v12025;20260423;8b;2025
9;Región de La Araucaní;91;Cautín;9106;Galvarino;92;Cautin Norte;218;228;228;-5;1;-8;0;0;0;55.4;39;5.6;66.2;31.3;2.5;v12025;20260423;8b;2025
9;Región de La Araucaní;92;Malleco;9210;Traiguén;91;Malleco;231;241;245;-8;-9;8;0;0;0;47.9;33.8;18.3;56.7;32.9;10.5;v12025;20260423;8b;2025
9;Región de La Araucaní;92;Malleco;9211;Victoria;91;Malleco;222;242;240;-12;1;-1;-1;0;0;56.6;33.6;9.8;54.5;37.3;8.1;v12025;20260423;8b;2025
9;Región de La Araucaní;92;Malleco;9204;Ercilla;91;Malleco;223;236;243;13;17;15;1;1;1;52.3;39.8;8;62.8;32.6;4.7;v12025;20260423;8b;2025
9;Región de La Araucaní;92;Malleco;9205;Lonquimay;91;Malleco;232;239;240;16;17;12;1;1;1;47.1;37;15.9;56.4;35.7;7.9;v12025;20260423;8b;2025
9;Región de La Araucaní;92;Malleco;9206;Los Sauces;91;Malleco;228;240;240;-8;3;-3;0;0;0;51.9;37;11.1;64.2;30.2;5.7;v12025;20260423;8b;2025
9;Región de La Araucaní;92;Malleco;9207;Lumaco;91;Malleco;220;227;226;7;15;-8;0;1;0;59.3;35.2;5.5;69.2;24.2;6.6;v12025;20260423;8b;2025
9;Región de La Araucaní;92;Malleco;9208;Purén;91;Malleco;240;256;243;13;13;7;1;1;0;40.3;44.4;15.3;44.5;40.9;14.6;v12025;20260423;8b;2025
9;Región de La Araucaní;92;Malleco;9209;Renaico;91;Malleco;223;238;235;-11;-10;-6;-1;0;0;50;39.8;10.2;57.8;34.4;7.8;v12025;20260423;8b;2025
9;Región de La Araucaní;91;Cautín;9119;Vilcún;92;Cautin Norte;227;239;242;-6;-6;-2;0;0;0;50.9;37.3;11.8;60.5;31.4;8.1;v12025;20260423;8b;2025
9;Región de La Araucaní;91;Cautín;9120;Villarrica;93;Cautin Sur;242;259;250;-4;-2;-8;0;0;-1;38.4;41.8;19.9;41.5;40.2;18.3;v12025;20260423;8b;2025
9;Región de La Araucaní;91;Cautín;9121;Cholchol;92;Cautin Norte;227;239;238;-4;7;1;0;0;0;51.9;37.4;10.7;57;36.6;6.5;v12025;20260423;8b;2025
9;Región de La Araucaní;92;Malleco;9201;Angol;91;Malleco;237;260;247;-6;-4;-4;0;0;0;43.4;39.1;17.5;40.2;40.7;19.1;v12025;20260423;8b;2025
9;Región de La Araucaní;92;Malleco;9202;Collipulli;91;Malleco;218;230;229;-16;-11;-12;-1;-1;-1;57.8;31.7;10.5;66.6;29.5;3.9;v12025;20260423;8b;2025
9;Región de La Araucaní;92;Malleco;9203;Curacautín;91;Malleco;215;229;224;-14;-6;-6;-1;0;0;61;29.7;9.2;68.7;26.3;5.1;v12025;20260423;8b;2025
9;Región de La Araucaní;91;Cautín;9113;Perquenco;92;Cautin Norte;224;240;232;-1;-3;2;0;0;0;54.5;35.2;10.2;54.2;41;4.8;v12025;20260423;8b;2025
9;Región de La Araucaní;91;Cautín;9114;Pitrufquén;93;Cautin Sur;241;260;246;-2;-2;-2;0;0;0;40.3;38.6;21;38.2;41.4;20.3;v12025;20260423;8b;2025
9;Región de La Araucaní;91;Cautín;9115;Pucón;93;Cautin Sur;241;254;248;-9;-13;-9;-1;-1;-1;39.7;37.7;22.6;43.6;41.3;15.1;v12025;20260423;8b;2025
9;Región de La Araucaní;91;Cautín;9116;Saavedra;92;Cautin Norte;231;236;234;-1;0;-7;0;0;0;48.7;40.4;10.9;60.6;32.9;6.5;v12025;20260423;8b;2025
9;Región de La Araucaní;91;Cautín;9117;Teodoro Schmidt;93;Cautin Sur;219;235;231;-4;5;-3;0;0;0;53.9;37.8;8.3;59.9;33.3;6.8;v12025;20260423;8b;2025
9;Región de La Araucaní;91;Cautín;9118;Toltén;93;Cautin Sur;230;248;238;-15;-3;-10;-1;0;0;50;34.2;15.8;50.4;37.6;12;v12025;20260423;8b;2025
9;Región de La Araucaní;91;Cautín;9107;Gorbea;93;Cautin Sur;232;251;233;-3;4;-1;0;0;0;44.2;42.2;13.6;41.6;50;8.4;v12025;20260423;8b;2025
9;Región de La Araucaní;91;Cautín;9108;Lautaro;92;Cautin Norte;223;237;236;-6;-5;-1;0;0;0;54.9;35.8;9.2;58.6;34.9;6.4;v12025;20260423;8b;2025
9;Región de La Araucaní;91;Cautín;9109;Loncoche;93;Cautin Sur;231;246;241;-19;-20;-15;-1;-1;-1;47;39.7;13.4;50.2;42.4;7.4;v12025;20260423;8b;2025
9;Región de La Araucaní;91;Cautín;9110;Melipeuco;92;Cautin Norte;220;227;228;-19;-9;-17;-1;0;-1;58.2;34.2;7.6;73.5;24.1;2.4;v12025;20260423;8b;2025
9;Región de La Araucaní;91;Cautín;9111;Nueva Imperial;92;Cautin Norte;234;254;244;3;7;1;0;0;0;47.1;38.3;14.5;46;40;14;v12025;20260423;8b;2025
9;Región de La Araucaní;91;Cautín;9112;Padre las Casas;93;Cautin Sur;229;245;242;-6;-4;-1;0;0;0;50;36.5;13.5;53.2;36.5;10.3;v12025;20260423;8b;2025
10;Región de Los Lagos;101;Llanquihue;10101;Puerto Montt;101;Llanquihue;239;257;251;-8;-9;-4;-1;-1;0;42;38.8;19.2;42.2;39.6;18.2;v12025;20260423;8b;2025
10;Región de Los Lagos;101;Llanquihue;10102;Calbuco;101;Llanquihue;229;249;239;-2;0;-1;0;0;0;47.9;39.7;12.4;48.8;37.6;13.5;v12025;20260423;8b;2025
10;Región de Los Lagos;101;Llanquihue;10103;Cochamó;101;Llanquihue;216;237;231;-4;-14;-8;0;-1;0;61.1;27.8;11.1;61.8;29.4;8.8;v12025;20260423;8b;2025
10;Región de Los Lagos;101;Llanquihue;10104;Fresia;101;Llanquihue;223;236;228;-3;-1;-2;0;0;0;57.8;25.8;16.4;61.4;33.9;4.7;v12025;20260423;8b;2025
10;Región de Los Lagos;101;Llanquihue;10105;Frutillar;101;Llanquihue;238;255;246;7;-1;6;0;0;0;43.3;34.9;21.8;44.4;35.8;19.7;v12025;20260423;8b;2025
10;Región de Los Lagos;101;Llanquihue;10106;Los Muermos;101;Llanquihue;224;246;235;-6;3;-4;0;0;0;53.2;37.1;9.7;54.1;36.9;9;v12025;20260423;8b;2025
10;Región de Los Lagos;103;Osorno;10306;San Juan de la Costa;103;Osorno;227;243;238;2;4;-2;0;0;0;53.7;32.9;13.4;50.6;43.5;5.9;v12025;20260423;8b;2025
10;Región de Los Lagos;103;Osorno;10307;San Pablo;103;Osorno;219;234;234;-12;0;1;-1;0;0;61.9;27.8;10.3;61.8;32.4;5.9;v12025;20260423;8b;2025
10;Región de Los Lagos;104;Palena;10401;Chaitén;104;Palena;225;239;242;1;7;3;0;0;0;47.3;41.8;10.9;57.4;27.8;14.8;v12025;20260423;8b;2025
10;Región de Los Lagos;104;Palena;10402;Futaleufú;104;Palena;221;246;222;-33;-18;-29;-1;-1;-1;62.5;22.5;15;52.6;42.1;5.3;v12025;20260423;8b;2025
10;Región de Los Lagos;104;Palena;10403;Hualaihué;101;Llanquihue;227;238;243;-9;-7;-6;0;0;0;49.1;39.6;11.3;60.7;33.6;5.6;v12025;20260423;8b;2025
10;Región de Los Lagos;104;Palena;10404;Palena;104;Palena;236;236;223;3;-11;-1;0;0;0;43.8;43.8;12.5;56.3;37.5;6.3;v12025;20260423;8b;2025
10;Región de Los Lagos;102;Chiloé;10210;Quinchao;102;Chiloe;242;253;254;1;-4;11;0;0;0;38.6;41.6;19.8;47.6;39.8;12.6;v12025;20260423;8b;2025
10;Región de Los Lagos;103;Osorno;10301;Osorno;103;Osorno;242;263;254;-8;-7;-2;-1;-1;0;38.3;41.9;19.8;36.3;43.3;20.4;v12025;20260423;8b;2025
10;Región de Los Lagos;103;Osorno;10302;Puerto Octay;103;Osorno;229;247;237;-5;-3;-11;0;0;0;44.5;44.5;10.9;49.1;39.1;11.8;v12025;20260423;8b;2025
10;Región de Los Lagos;103;Osorno;10303;Purranque;103;Osorno;231;242;237;-6;-12;-9;0;-1;0;46.4;39.2;14.3;52.4;38.7;8.9;v12025;20260423;8b;2025
10;Región de Los Lagos;103;Osorno;10304;Puyehue;103;Osorno;220;230;229;-4;5;-7;0;0;0;54.1;34.4;11.5;64.6;32.3;3.1;v12025;20260423;8b;2025
10;Región de Los Lagos;103;Osorno;10305;Río Negro;103;Osorno;214;241;232;-24;1;-9;-1;0;0;59;31.3;9.7;55.9;33.1;11;v12025;20260423;8b;2025
10;Región de Los Lagos;102;Chiloé;10204;Curaco de Vélez;102;Chiloe;230;240;249;7;10;23;0;0;1;42.9;53.6;3.6;61.3;32.3;6.5;v12025;20260423;8b;2025
10;Región de Los Lagos;102;Chiloé;10205;Dalcahue;102;Chiloe;237;261;250;-5;0;-1;0;0;0;43.3;44.3;12.4;34;48.7;17.3;v12025;20260423;8b;2025
10;Región de Los Lagos;102;Chiloé;10206;Puqueldón;102;Chiloe;235;261;253;3;3;-9;0;0;0;41;43.6;15.4;36.6;36.6;26.8;v12025;20260423;8b;2025
10;Región de Los Lagos;102;Chiloé;10207;Queilén;102;Chiloe;226;240;239;-7;1;-2;0;0;0;60.3;33.3;6.3;61.5;32.3;6.2;v12025;20260423;8b;2025
10;Región de Los Lagos;102;Chiloé;10208;Quellón;102;Chiloe;227;243;239;-8;-4;-2;0;0;0;47.7;42.3;9.9;56;32.7;11.3;v12025;20260423;8b;2025
10;Región de Los Lagos;102;Chiloé;10209;Quemchi;102;Chiloe;225;248;242;-19;-8;-9;-1;0;0;54.8;35.7;9.5;47.1;45.9;7.1;v12025;20260423;8b;2025
10;Región de Los Lagos;101;Llanquihue;10107;Llanquihue;101;Llanquihue;233;251;241;-10;2;-4;-1;0;0;48.6;31.7;19.7;47.2;38.9;13.9;v12025;20260423;8b;2025
10;Región de Los Lagos;101;Llanquihue;10108;Maullín;101;Llanquihue;229;234;235;-2;-5;-1;0;0;0;49.3;38;12.7;61.1;29.9;9;v12025;20260423;8b;2025
10;Región de Los Lagos;101;Llanquihue;10109;Puerto Varas;101;Llanquihue;244;267;258;0;-5;2;0;0;0;35.1;42.8;22.1;36.2;36.6;27.2;v12025;20260423;8b;2025
10;Región de Los Lagos;102;Chiloé;10201;Castro;102;Chiloe;227;248;239;-18;-11;-8;-1;-1;0;50.4;34.7;15;48.4;40.3;11.3;v12025;20260423;8b;2025
10;Región de Los Lagos;102;Chiloé;10202;Ancud;102;Chiloe;237;256;246;-4;-3;-1;0;0;0;43.6;37.1;19.3;41.3;42.7;16;v12025;20260423;8b;2025
10;Región de Los Lagos;102;Chiloé;10203;Chonchi;102;Chiloe;232;247;243;-13;-8;-3;-1;0;0;47.4;36.8;15.8;50.4;41.5;8.1;v12025;20260423;8b;2025
11;Región de Aysén del G;111;Coyhaique;11101;Coyhaique;111;Coyhaique;228;251;243;-7;-6;-4;-1;0;0;48.4;37.6;13.9;45.6;40.5;13.8;v12025;20260423;8b;2025
11;Región de Aysén del G;111;Coyhaique;11102;Lago Verde;111;Coyhaique;248;225;228;;;;;;;;;;;;;v12025;20260423;8b;2025
11;Región de Aysén del G;112;Aysén;11201;Aysén;111;Coyhaique;237;260;252;-11;-3;-5;-1;0;0;41;38.4;20.7;38.1;40.6;21.4;v12025;20260423;8b;2025
11;Región de Aysén del G;112;Aysén;11202;Cisnes;111;Coyhaique;216;230;233;4;-5;0;0;0;0;66.1;20.3;13.6;66.7;28.1;5.3;v12025;20260423;8b;2025
11;Región de Aysén del G;112;Aysén;11203;Guaitecas;111;Coyhaique;201;243;224;-57;-14;-32;-1;0;-1;61.5;38.5;0;45.5;45.5;9.1;v12025;20260423;8b;2025
11;Región de Aysén del G;113;Capitán Pra;11301;Cochrane;111;Coyhaique;233;262;251;8;2;18;0;0;1;43.5;41.3;15.2;39.6;39.6;20.8;v12025;20260423;8b;2025
11;Región de Aysén del G;113;Capitán Pra;11302;O'higgins;111;Coyhaique;202;242;235;;;;;;;;;;;;;v12025;20260423;8b;2025
11;Región de Aysén del G;113;Capitán Pra;11303;Tortel;111;Coyhaique;244;280;262;-10;-7;-6;0;0;0;;;;;;;v12025;20260423;8b;2025
11;Región de Aysén del G;114;General Car;11401;Chile Chico;111;Coyhaique;215;242;228;-33;-27;-32;-1;-1;-1;61.5;21.2;17.3;54.9;37.3;7.8;v12025;20260423;8b;2025
11;Región de Aysén del G;114;General Car;11402;Río Ibáńez;111;Coyhaique;230;247;250;-5;7;9;0;0;0;50;45.5;4.5;45.5;45.5;9.1;v12025;20260423;8b;2025
12;Región de Magallanes;121;Magallanes;12101;Punta Arenas;121;Magallanes;238;258;250;-5;-1;0;0;0;0;43.1;36.1;20.8;42.2;39.6;18.3;v12025;20260423;8b;2025
12;Región de Magallanes;121;Magallanes;12102;Laguna Blanca;121;Magallanes;265;245;259;;;;;;;;;;;;;v12025;20260423;8b;2025
12;Región de Magallanes;121;Magallanes;12103;Río Verde;121;Magallanes;;;;;;;;;;;;;;;;v12025;20260423;8b;2025
12;Región de Magallanes;121;Magallanes;12104;San Gregorio;121;Magallanes;242;239;250;;;;;;;;;;;;;v12025;20260423;8b;2025
12;Región de Magallanes;122;Antártica C;12201;Cabo de Hornos;121;Magallanes;256;257;261;9;-4;14;0;0;0;25;50;25;34.5;48.3;17.2;v12025;20260423;8b;2025
12;Región de Magallanes;122;Antártica C;12202;Antártica;121;Magallanes;;;;;;;;;;;;;;;;v12025;20260423;8b;2025
12;Región de Magallanes;123;Tierra del;12301;Porvenir;121;Magallanes;218;242;231;-28;-2;-21;-1;0;-1;59.5;33.8;6.8;51.3;40.8;7.9;v12025;20260423;8b;2025
12;Región de Magallanes;123;Tierra del;12302;Primavera;121;Magallanes;225;249;227;-15;8;-19;0;0;0;;;;;;;v12025;20260423;8b;2025
12;Región de Magallanes;123;Tierra del;12303;Timaukel;121;Magallanes;194;209;214;;;;;;;;;;;;;v12025;20260423;8b;2025
12;Región de Magallanes;124;Última Espe;12401;Natales;121;Magallanes;228;245;234;-12;-12;-9;-1;-1;0;51.5;33.7;14.8;49.8;41.4;8.7;v12025;20260423;8b;2025
12;Región de Magallanes;124;Última Espe;12402;Torres del Paine;121;Magallanes;270;261;275;;;;;;;;;;;;;v12025;20260423;8b;2025
13;Región metropolitana;131;Santiago;13101;Santiago;131;Centro;244;264;257;-2;-7;-1;0;-1;0;37.8;40.2;21.9;36.8;40.5;22.6;v12025;20260423;8b;2025
13;Región metropolitana;131;Santiago;13102;Cerrillos;134;Poniente;227;249;246;-6;-8;7;0;-1;1;50.1;36.7;13.2;51.3;37.2;11.6;v12025;20260423;8b;2025
13;Región metropolitana;131;Santiago;13103;Cerro Navia;134;Poniente;230;247;240;3;0;4;0;0;0;49.4;37;13.6;49.9;37.7;12.4;v12025;20260423;8b;2025
13;Región metropolitana;131;Santiago;13104;Conchalí;137;Norte;231;245;241;4;-2;7;0;0;0;46.3;40;13.8;51.3;38.8;9.9;v12025;20260423;8b;2025
13;Región metropolitana;131;Santiago;13105;El Bosque;132;Sur;233;254;243;-5;-8;-2;0;-1;0;45.1;40.5;14.4;45.2;39.9;14.9;v12025;20260423;8b;2025
13;Región metropolitana;131;Santiago;13106;Estación Central;134;Poniente;234;252;247;0;-2;0;0;0;0;45.7;38.1;16.2;47.7;36.8;15.4;v12025;20260423;8b;2025
13;Región metropolitana;136;Talagante;13602;El Monte;135;Talagante;225;239;239;-2;0;5;0;0;0;52.9;33.7;13.4;58.1;35.4;6.5;v12025;20260423;8b;2025
13;Región metropolitana;136;Talagante;13603;Isla de Maipo;135;Talagante;233;243;242;6;-2;4;0;0;0;48.2;35;16.8;54.2;35.5;10.3;v12025;20260423;8b;2025
13;Región metropolitana;136;Talagante;13604;Padre Hurtado;135;Talagante;238;258;251;3;1;6;0;0;0;42.7;38.4;18.9;41.7;40.9;17.5;v12025;20260423;8b;2025
13;Región metropolitana;136;Talagante;13605;Peńaflor;135;Talagante;234;250;243;1;-3;0;0;0;0;46.5;36.5;17;48.4;38.1;13.4;v12025;20260423;8b;2025
13;Región metropolitana;135;Melipilla;13501;Melipilla;135;Talagante;237;254;249;-3;-6;0;0;0;0;42.1;40.1;17.8;45;38.7;16.3;v12025;20260423;8b;2025
13;Región metropolitana;135;Melipilla;13502;Alhué;135;Talagante;209;231;231;-11;-1;-9;0;0;0;61.9;33.6;4.4;64;31.5;4.5;v12025;20260423;8b;2025
13;Región metropolitana;135;Melipilla;13503;Curacaví;135;Talagante;234;255;245;6;6;6;0;0;0;45.4;39.4;15.2;44.1;38.8;17.2;v12025;20260423;8b;2025
13;Región metropolitana;135;Melipilla;13504;María Pinto;135;Talagante;226;235;236;5;-3;4;0;0;0;49.7;38.1;12.2;58.8;33.8;7.4;v12025;20260423;8b;2025
13;Región metropolitana;135;Melipilla;13505;San Pedro;135;Talagante;227;247;241;-6;-13;0;0;-1;0;54.2;34.5;11.3;54.2;36.6;9.2;v12025;20260423;8b;2025
13;Región metropolitana;136;Talagante;13601;Talagante;135;Talagante;250;273;267;0;0;9;0;0;1;33.5;39.7;26.8;30;41.3;28.7;v12025;20260423;8b;2025
13;Región metropolitana;133;Chacabuco;13302;Lampa;137;Norte;233;255;244;2;3;5;0;0;0;46.6;36.1;17.3;44.8;37.4;17.8;v12025;20260423;8b;2025
13;Región metropolitana;133;Chacabuco;13303;Tiltil;137;Norte;229;239;227;1;0;-11;0;0;-1;48.5;36.2;15.3;56.5;36.8;6.7;v12025;20260423;8b;2025
13;Región metropolitana;134;Maipo;13401;San Bernardo;132;Sur;234;255;246;2;-1;3;0;0;0;44.7;38.3;17;44.2;39.3;16.4;v12025;20260423;8b;2025
13;Región metropolitana;134;Maipo;13402;Buin;132;Sur;230;255;246;-7;-6;-2;-1;0;0;48.1;34.7;17.2;47.2;33.7;19.1;v12025;20260423;8b;2025
13;Región metropolitana;134;Maipo;13403;Calera de Tango;132;Sur;245;266;255;5;3;8;0;0;0;35.9;41.4;22.8;40;34.2;25.8;v12025;20260423;8b;2025
13;Región metropolitana;134;Maipo;13404;Paine;132;Sur;233;256;249;-2;-3;3;0;0;0;47.4;35.5;17.1;45.6;36;18.3;v12025;20260423;8b;2025
13;Región metropolitana;131;Santiago;13131;San Ramón;132;Sur;234;258;247;-2;-3;3;0;0;0;45.6;37.7;16.7;43.8;37.7;18.5;v12025;20260423;8b;2025
13;Región metropolitana;131;Santiago;13132;Vitacura;133;Oriente;280;317;295;8;3;5;1;0;0;11.8;39.7;48.5;6.5;27.2;66.3;v12025;20260423;8b;2025
13;Región metropolitana;132;Cordillera;13201;Puente Alto;136;Cordillera;238;262;251;-2;-7;-1;0;-1;0;42;39.2;18.8;38.6;41.1;20.2;v12025;20260423;8b;2025
13;Región metropolitana;132;Cordillera;13202;Pirque;136;Cordillera;231;256;244;8;10;9;0;1;0;48.8;35;16.3;41.4;42.9;15.7;v12025;20260423;8b;2025
13;Región metropolitana;132;Cordillera;13203;San José de Maipo;136;Cordillera;231;244;247;-5;-2;8;0;0;0;44.7;41.8;13.5;53.3;40.1;6.6;v12025;20260423;8b;2025
13;Región metropolitana;133;Chacabuco;13301;Colina;137;Norte;250;278;265;-3;-8;0;0;-1;0;33.3;39.6;27.1;28.9;38.6;32.5;v12025;20260423;8b;2025
13;Región metropolitana;131;Santiago;13125;Quilicura;137;Norte;243;266;255;0;-8;4;0;-1;0;37;40.8;22.2;35.7;40;24.4;v12025;20260423;8b;2025
13;Región metropolitana;131;Santiago;13126;Quinta Normal;134;Poniente;234;254;247;-3;-6;0;0;-1;0;45.3;40.4;14.3;45;41.6;13.5;v12025;20260423;8b;2025
13;Región metropolitana;131;Santiago;13127;Recoleta;137;Norte;233;254;245;-4;-7;-2;0;-1;0;46.6;38.7;14.7;44.6;39;16.4;v12025;20260423;8b;2025
13;Región metropolitana;131;Santiago;13128;Renca;134;Poniente;233;253;247;4;-2;1;0;0;0;46.4;38.5;15.1;45.9;37.9;16.3;v12025;20260423;8b;2025
13;Región metropolitana;131;Santiago;13129;San Joaquín;131;Centro;231;249;240;0;1;3;0;0;0;47;39.8;13.3;50.1;37.7;12.1;v12025;20260423;8b;2025
13;Región metropolitana;131;Santiago;13130;San Miguel;131;Centro;251;267;263;5;-1;4;0;0;0;31.7;42.7;25.7;33.5;42.3;24.2;v12025;20260423;8b;2025
13;Región metropolitana;131;Santiago;13119;Maipú;134;Poniente;244;267;257;-1;-6;4;0;-1;0;36.7;41.5;21.8;34.1;41.5;24.4;v12025;20260423;8b;2025
13;Región metropolitana;131;Santiago;13120;Ńuńoa;133;Oriente;260;286;274;0;-6;2;0;0;0;25.4;40.9;33.8;20.5;43.1;36.4;v12025;20260423;8b;2025
13;Región metropolitana;131;Santiago;13121;Pedro Aguirre Cerda;131;Centro;225;244;235;-7;-9;-4;-1;-1;0;54.2;34.4;11.4;54.9;35.2;9.9;v12025;20260423;8b;2025
13;Región metropolitana;131;Santiago;13122;Peńalolén;133;Oriente;243;265;254;6;-2;5;0;0;0;38.4;38.2;23.4;36.9;38.2;24.9;v12025;20260423;8b;2025
13;Región metropolitana;131;Santiago;13123;Providencia;133;Oriente;264;289;278;-3;-6;-2;0;0;0;23.4;38.8;37.8;21.6;35.2;43.2;v12025;20260423;8b;2025
13;Región metropolitana;131;Santiago;13124;Pudahuel;134;Poniente;237;258;248;-2;-4;-2;0;0;0;42.5;39.6;17.9;40.8;40.3;18.9;v12025;20260423;8b;2025
13;Región metropolitana;131;Santiago;13113;La Reina;133;Oriente;260;293;279;-1;0;2;0;0;0;25.2;41.2;33.6;16.3;41;42.7;v12025;20260423;8b;2025
13;Región metropolitana;131;Santiago;13114;Las Condes;133;Oriente;275;308;290;2;1;5;0;0;0;16;39.9;44.1;10.1;32.9;56.9;v12025;20260423;8b;2025
13;Región metropolitana;131;Santiago;13115;Lo Barnechea;133;Oriente;268;307;282;3;2;5;0;0;0;20.2;39.9;39.9;12.1;29.2;58.6;v12025;20260423;8b;2025
13;Región metropolitana;131;Santiago;13116;Lo Espejo;132;Sur;218;239;232;-10;-6;-2;-1;0;0;59;32.6;8.4;58.2;31;10.8;v12025;20260423;8b;2025
13;Región metropolitana;131;Santiago;13117;Lo Prado;134;Poniente;229;249;240;3;1;3;0;0;0;48.5;37.7;13.8;47.5;41.2;11.3;v12025;20260423;8b;2025
13;Región metropolitana;131;Santiago;13118;Macul;133;Oriente;246;273;261;6;8;7;0;1;0;33.5;44.6;21.9;29.7;42.5;27.9;v12025;20260423;8b;2025
13;Región metropolitana;131;Santiago;13107;Huechuraba;137;Norte;249;272;256;5;-4;-1;0;0;0;33.1;41.3;25.6;33.7;37;29.3;v12025;20260423;8b;2025
13;Región metropolitana;131;Santiago;13108;Independencia;137;Norte;239;262;253;-4;3;4;0;0;0;40.6;41.8;17.6;38.8;41.5;19.8;v12025;20260423;8b;2025
13;Región metropolitana;131;Santiago;13109;La Cisterna;132;Sur;237;255;249;3;-3;4;0;0;0;43.1;38.9;17.9;44.5;38.8;16.7;v12025;20260423;8b;2025
13;Región metropolitana;131;Santiago;13110;La Florida;136;Cordillera;244;267;256;0;-2;3;0;0;0;36.6;41.7;21.7;34.5;41.2;24.4;v12025;20260423;8b;2025
13;Región metropolitana;131;Santiago;13111;La granja;132;Sur;231;252;245;0;-4;5;0;0;0;44.7;40.8;14.5;46.1;40.7;13.2;v12025;20260423;8b;2025
13;Región metropolitana;131;Santiago;13112;La Pintana;136;Cordillera;226;246;239;-6;-6;1;0;0;0;51.7;36;12.3;52.7;34.1;13.2;v12025;20260423;8b;2025
14;Región de los ríos;141;Valdivia;14101;Valdivia;141;Valdivia;242;259;252;-9;-11;-4;-1;-1;0;40.1;38.5;21.4;40.9;39.5;19.6;v12025;20260423;8b;2025
14;Región de los ríos;141;Valdivia;14102;Corral;141;Valdivia;235;236;247;18;4;16;1;0;1;45.5;40;14.5;58.3;36.7;5;v12025;20260423;8b;2025
14;Región de los ríos;141;Valdivia;14103;Lanco;141;Valdivia;229;247;231;-8;3;-13;0;0;-1;51.6;34.2;14.2;48.9;37.7;13.5;v12025;20260423;8b;2025
14;Región de los ríos;141;Valdivia;14104;Los Lagos;141;Valdivia;229;241;234;-3;-3;-4;0;0;0;47.6;39.4;13;54.6;37.4;8.1;v12025;20260423;8b;2025
14;Región de los ríos;141;Valdivia;14105;Máfil;141;Valdivia;227;229;227;3;1;-1;0;0;0;50.7;34.7;14.7;71.8;25.4;2.8;v12025;20260423;8b;2025
14;Región de los ríos;141;Valdivia;14106;Mariquina;141;Valdivia;232;243;239;3;2;-2;0;0;0;46.9;37.6;15.5;55.3;37.2;7.5;v12025;20260423;8b;2025
14;Región de los ríos;141;Valdivia;14107;Paillaco;141;Valdivia;220;240;231;-17;-3;-15;-1;0;-1;57.5;34.4;8.1;58.7;32.3;8.9;v12025;20260423;8b;2025
14;Región de los ríos;141;Valdivia;14108;Panguipulli;141;Valdivia;235;247;244;-3;8;4;0;1;0;43;39.9;17.1;49.4;37.3;13.4;v12025;20260423;8b;2025
14;Región de los ríos;142;Del Ranco;14201;La Unión;142;Ranco;243;262;254;2;7;7;0;1;0;37.9;42.6;19.5;37.7;42.4;19.8;v12025;20260423;8b;2025
14;Región de los ríos;142;Del Ranco;14202;Futrono;142;Ranco;220;236;231;-12;-4;-6;-1;0;0;55.4;32.8;11.8;62.1;32.9;5;v12025;20260423;8b;2025
14;Región de los ríos;142;Del Ranco;14203;Lago Ranco;142;Ranco;224;238;231;-8;1;-10;0;0;0;52.3;34.8;12.9;61.7;30.8;7.5;v12025;20260423;8b;2025
14;Región de los ríos;142;Del Ranco;14204;Río Bueno;142;Ranco;234;256;244;-7;3;-1;0;0;0;43.5;42;14.5;39.9;45.1;15;v12025;20260423;8b;2025
15;Región de arica y par;151;Arica;15101;Arica;151;Arica;235;260;250;-9;-8;-3;-1;-1;0;43.9;39.3;16.7;40;40.8;19.2;v12025;20260423;8b;2025
15;Región de arica y par;151;Arica;15102;Camarones;151;Arica;223;263;267;43;64;69;1;1;1;50;50;0;30;60;10;v12025;20260423;8b;2025
15;Región de arica y par;152;Parinacota;15201;Putre;152;Parinacota;222;227;235;-8;-26;-19;0;-1;0;73.3;6.7;20;73.3;13.3;13.3;v12025;20260423;8b;2025
15;Región de arica y par;152;Parinacota;15202;General Lagos;152;Parinacota;210;259;227;19;50;;0;1;;;;;;;;v12025;20260423;8b;2025
16;Región de Ńuble;161;Diguillín;16101;Chillán;161;Diguillín;243;263;253;-1;-4;0;0;0;0;37.9;40;22.1;35.7;44.2;20.2;v12025;20260423;8b;2025
16;Región de Ńuble;161;Diguillín;16102;Bulnes;161;Diguillín;224;241;230;-8;-5;-9;-1;0;0;57;31.3;11.6;57.9;33.1;9.1;v12025;20260423;8b;2025
16;Región de Ńuble;161;Diguillín;16103;Chillán Viejo;161;Diguillín;220;241;236;-18;-14;-10;-1;-1;-1;56.3;35;8.7;54.2;39.3;6.5;v12025;20260423;8b;2025
16;Región de Ńuble;161;Diguillín;16104;El Carmen;161;Diguillín;247;253;247;10;7;8;1;0;0;37;39.1;23.9;43.5;43.5;13;v12025;20260423;8b;2025
16;Región de Ńuble;161;Diguillín;16105;Pemuco;161;Diguillín;233;248;250;4;12;19;0;1;1;42.4;43.5;14.1;48.4;39.8;11.8;v12025;20260423;8b;2025
16;Región de Ńuble;161;Diguillín;16106;Pinto;161;Diguillín;232;244;237;0;-2;-18;0;0;-1;46;42.4;11.5;54.3;36.2;9.4;v12025;20260423;8b;2025
16;Región de Ńuble;163;Punilla;16303;Ńiquén;161;Diguillín;226;244;234;-3;-7;-2;0;0;0;52;39;9;55.3;33;11.7;v12025;20260423;8b;2025
16;Región de Ńuble;163;Punilla;16304;San Fabián;161;Diguillín;230;248;239;-5;6;5;0;0;0;44.6;42.9;12.5;55;31.7;13.3;v12025;20260423;8b;2025
16;Región de Ńuble;163;Punilla;16305;San Nicolás;161;Diguillín;259;309;295;-16;-5;-9;-1;0;-1;25.8;42.3;31.9;10.2;30.7;59.1;v12025;20260423;8b;2025
16;Región de Ńuble;162;Itata;16204;Ninhue;161;Diguillín;221;227;218;-29;-29;-40;-1;-1;-1;52.5;35;12.5;73.2;24.4;2.4;v12025;20260423;8b;2025
16;Región de Ńuble;162;Itata;16205;Portezuelo;161;Diguillín;231;250;243;-15;-8;-11;-1;0;0;51.8;26.8;21.4;49.1;41.8;9.1;v12025;20260423;8b;2025
16;Región de Ńuble;162;Itata;16206;Ránquil;161;Diguillín;235;255;242;-5;4;-8;0;0;0;46.4;31.9;21.7;40.8;46.5;12.7;v12025;20260423;8b;2025
16;Región de Ńuble;162;Itata;16207;Treguaco;161;Diguillín;230;251;235;25;32;20;1;1;1;43.9;48.8;7.3;46.2;43.6;10.3;v12025;20260423;8b;2025
16;Región de Ńuble;163;Punilla;16301;San Carlos;161;Diguillín;240;266;252;-1;0;3;0;0;0;40.2;42.2;17.6;35.1;41;23.9;v12025;20260423;8b;2025
16;Región de Ńuble;163;Punilla;16302;Coihueco;161;Diguillín;239;264;252;6;15;15;0;1;1;38.4;46.6;14.9;35;47.2;17.8;v12025;20260423;8b;2025
16;Región de Ńuble;161;Diguillín;16107;Quillón;161;Diguillín;241;256;254;7;-3;12;0;0;1;43;36;21;45.8;33.9;20.3;v12025;20260423;8b;2025
16;Región de Ńuble;161;Diguillín;16108;San Ignacio;161;Diguillín;220;245;235;-5;7;-3;0;0;0;59.6;30.3;10.1;54;31.3;14.8;v12025;20260423;8b;2025
16;Región de Ńuble;161;Diguillín;16109;Yungay;161;Diguillín;238;264;250;-14;-6;-5;-1;0;0;41.2;39.8;19;35.4;44.1;20.5;v12025;20260423;8b;2025
16;Región de Ńuble;162;Itata;16201;Quirihue;161;Diguillín;234;258;239;-10;5;-7;0;0;0;45.1;39.8;15;40.9;43.6;15.5;v12025;20260423;8b;2025
16;Región de Ńuble;162;Itata;16202;Cobquecura;161;Diguillín;216;237;234;3;-15;-3;0;-1;0;61.7;21.3;17;55.3;36.2;8.5;v12025;20260423;8b;2025
16;Región de Ńuble;162;Itata;16203;Coelemu;161;Diguillín;236;256;246;3;4;-2;0;0;0;46.4;34.7;18.9;42.1;42.6;15.2;v12025;20260423;8b;2025
